priority_rank,scene_name_zh,scene_name_en,industry_code,source_major_name,process_step,value_score,difficulty_score,labor_urgency,scale_potential,superhuman_value,operation_complexity,structure_level,fault_tolerance,takt_pressure,priority_reason,l3_extracted,guide_generated
1,泄漏检测-罐区管廊-多点巡回,LeakDetection-TankFarmPipeRack-MultiPointPatrol,25-251-2511,石油、煤炭及其他燃料加工业,储存,5.0,0.5,5,5,5,1,4,5,5,用工痛点突出；规模潜力大；超人价值高；操作简单；环境结构化；容错空间大,False,False
2,巡检读数-化工装置区-有毒腐蚀环境,Inspection-ChemicalPlantArea-ToxicCorrosive,26-261-00,化学原料和化学制品制造业,反应合成,5.0,0.5,5,5,5,1,4,5,5,用工痛点突出；规模潜力大；超人价值高；操作简单；环境结构化；容错空间大,False,False
3,检测读数-瓦斯传感器-定点抄录,SensorReading-GasDetector-FixedPointRecording,6-61-610,煤炭开采和洗选业,通风排水,5.0,0.5,5,5,5,1,4,5,5,用工痛点突出；规模潜力大；超人价值高；操作简单；环境结构化；容错空间大,False,False
4,巡检读数-炼油装置区仪表-多层钢结构平台,InspectionReading-RefineryInstruments-MultiLevelPlatform,25-251-2511,石油、煤炭及其他燃料加工业,常减压蒸馏,5.0,0.75,5,5,5,2,4,5,5,用工痛点突出；规模潜力大；超人价值高；操作简单；环境结构化；容错空间大,False,False
5,巡检监测-陶瓷隧道窑-高温长距,Inspection-CeramicTunnelKiln-HighTempLong,30-307-3071,非金属矿物制品业,烧成,5.0,0.75,5,5,5,2,4,5,5,用工痛点突出；规模潜力大；超人价值高；操作简单；环境结构化；容错空间大,False,False
6,电解槽短路检测-铝电解-高温巡检,ShortCircuitDetection-AluminumElectrolysis-HighTempInspection,32-00-3216,有色金属冶炼和压延加工业,电解,5.0,0.75,5,5,5,2,4,5,5,用工痛点突出；规模潜力大；超人价值高；操作简单；环境结构化；容错空间大,False,False
7,巡检监测-尾矿库-有毒粉尘环境,Inspection-TailingsPond-ToxicDustyEnvironment,9-91-00,有色金属矿采选业,尾矿处理,5.0,0.75,5,5,5,1,3,5,5,用工痛点突出；规模潜力大；超人价值高；操作简单；容错空间大,False,False
8,巡检监测-井下巷道-瓦斯粉尘环境,Inspection-UndergroundTunnel-GasDustEnvironment,6-61-610,煤炭开采和洗选业,采掘作业,5.0,1.0,5,5,5,2,3,5,5,用工痛点突出；规模潜力大；超人价值高；操作简单；容错空间大,False,False
9,气体检测-危险区域-移动式连续监测,GasDetection-HazardousZone-MobileContinuousMonitoring,7-71-00,石油和天然气开采业,安全监控,5.0,1.0,5,5,5,2,3,5,5,用工痛点突出；规模潜力大；超人价值高；操作简单；容错空间大,False,False
10,巡检监测-井下采场-粉尘高湿环境,Inspection-UndergroundMiningFace-DustyHumidEnvironment,9-91-00,有色金属矿采选业,矿石开采,5.0,1.0,5,5,5,1,2,5,5,用工痛点突出；规模潜力大；超人价值高；操作简单；容错空间大,False,False
11,安全巡检-地下矿井巷道-粉尘高温环境,SafetyInspection-UndergroundMineTunnel-DustyHighTemp,10-101-00,非金属矿采选业,采掘装载,5.0,1.0,5,5,5,2,3,5,5,用工痛点突出；规模潜力大；超人价值高；操作简单；容错空间大,False,False
12,巡检监测-织布机运行状态-断经断纬检测,PatrolInspection-LoomOperationStatus-WarpWeftBreakDetection,17-171-1712,纺织业,织造,4.67,0.5,4,5,5,1,4,5,5,用工痛点突出；规模潜力大；超人价值高；操作简单；环境结构化；容错空间大,False,False
13,巡检监测-造纸机烘缸段-高温连续,Inspection-PaperMachineDryerSection-HighTemperatureContinuous,22-222-2221,造纸和纸制品业,烘干,4.67,0.5,5,4,5,1,4,5,5,用工痛点突出；规模潜力大；超人价值高；操作简单；环境结构化；容错空间大,False,False
14,巡检检漏-氨区管道-有毒制冷剂,LeakInspection-AmmoniaPipeline-ToxicRefrigerant,26-00-2621,化学原料和化学制品制造业,反应造粒,4.67,0.5,5,4,5,1,4,5,5,用工痛点突出；规模潜力大；超人价值高；操作简单；环境结构化；容错空间大,False,False
15,巡检监测-聚合反应釜-温压异常,Inspection-PolymerizationReactor-TempPressure,26-00-2651,化学原料和化学制品制造业,聚合反应,4.67,0.5,5,4,5,1,4,5,5,用工痛点突出；规模潜力大；超人价值高；操作简单；环境结构化；容错空间大,True,True
16,设备巡检-高温反应区-热辐射危害,EquipmentInspection-HighTempZone-ThermalRadiation,26-00-00,化学原料和化学制品制造业,反应合成,4.67,0.5,5,4,5,1,4,5,5,用工痛点突出；规模潜力大；超人价值高；操作简单；环境结构化；容错空间大,True,True
17,巡检读数-纺丝车间设备-高温环境,Inspection-SpinningEquipment-HighTemperature,28-282-00,化学纤维制造业,熔融纺丝,4.67,0.5,5,4,5,1,4,5,5,用工痛点突出；规模潜力大；超人价值高；操作简单；环境结构化；容错空间大,False,False
18,巡检监测-选矿厂皮带廊-长距离多节点,Inspection-ConveyorGallery-LongDistanceMultiNode,8-00-00,黑色金属矿采选业,矿石运输,4.67,0.5,4,5,5,1,4,5,5,用工痛点突出；规模潜力大；超人价值高；操作简单；环境结构化；容错空间大,False,False
19,巡检监测-电解槽组-高温腐蚀环境,Inspection-ElectrolyticCellArray-HighTempCorrosiveEnvironment,9-00-916,有色金属矿采选业,电解,4.67,0.5,5,4,5,1,4,5,5,用工痛点突出；规模潜力大；超人价值高；操作简单；环境结构化；容错空间大,False,False
20,巡检监测-矿用皮带廊-长距离巡检,Inspection-MiningBeltConveyor-LongDistancePatrol,9-91-00,有色金属矿采选业,矿石运输,4.67,0.5,4,5,5,1,4,5,5,用工痛点突出；规模潜力大；超人价值高；操作简单；环境结构化；容错空间大,False,False
21,巡检操作-电气设备间-多点抄表,Inspection-ElectricalRoom-MultiPointReading,38-389-3899,电气机械和器材制造业,定期巡检,4.67,0.5,4,5,5,1,4,5,5,用工痛点突出；规模潜力大；超人价值高；操作简单；环境结构化；容错空间大,False,False
22,设备监测-泵房机组-振动温度采集,EquipmentMonitoring-PumpHouse-VibrationTempCollection,25-251-2511,石油、煤炭及其他燃料加工业,常减压蒸馏,4.67,0.75,4,5,5,2,4,5,5,用工痛点突出；规模潜力大；超人价值高；操作简单；环境结构化；容错空间大,False,False
23,巡检监测-煤气净化区-有毒气体环境,PatrolMonitoring-CokeGasPurification-ToxicGasZone,25-252-2521,石油、煤炭及其他燃料加工业,煤气净化,4.67,0.75,5,4,5,2,4,5,5,用工痛点突出；规模潜力大；超人价值高；操作简单；环境结构化；容错空间大,False,False
24,巡检监测-煤制甲醇装置-易燃易爆区,PatrolMonitoring-CoalToMethanolPlant-FlammableZone,25-252-2523,石油、煤炭及其他燃料加工业,合成,4.67,0.75,5,4,5,2,4,5,5,用工痛点突出；规模潜力大；超人价值高；操作简单；环境结构化；容错空间大,False,False
25,巡检监测-回转窑外壁-高温区域,Inspection-RotaryKilnShell-HighTempZone,30-301-3011,非金属矿物制品业,回转窑煅烧,4.67,0.75,5,4,5,2,4,5,5,用工痛点突出；规模潜力大；超人价值高；操作简单；环境结构化；容错空间大,False,False
26,巡检监测-石灰窑炉-高温粉尘,Inspection-LimeKiln-HighTempDust,30-301-3012,非金属矿物制品业,竖窑/回转窑煅烧,4.67,0.75,5,4,5,2,4,5,5,用工痛点突出；规模潜力大；超人价值高；操作简单；环境结构化；容错空间大,False,False
27,巡检监测-玻璃熔窑-高温观火,Inspection-GlassFurnace-HighTempFlame,30-304-3041,非金属矿物制品业,熔化,4.67,0.75,5,4,5,2,4,5,5,用工痛点突出；规模潜力大；超人价值高；操作简单；环境结构化；容错空间大,False,False
28,巡检监测-玻纤池窑-粉尘高温,Inspection-FiberglassKiln-DustHighTemp,30-306-3061,非金属矿物制品业,熔化,4.67,0.75,5,4,5,2,4,5,5,用工痛点突出；规模潜力大；超人价值高；操作简单；环境结构化；容错空间大,False,False
29,巡检监测-耐火窑炉-极端高温,Inspection-RefractoryKiln-ExtremeTemp,30-308-3089,非金属矿物制品业,烧成,4.67,0.75,5,4,5,2,4,5,5,用工痛点突出；规模潜力大；超人价值高；操作简单；环境结构化；容错空间大,False,False
30,巡检监测-轧机区域设备-高温振动噪音,Inspection-RollingMillArea-HighTempVibrationNoise,31-313-3130,黑色金属冶炼和压延加工业,精轧,4.67,0.75,4,5,5,2,4,5,5,用工痛点突出；规模潜力大；超人价值高；操作简单；环境结构化；容错空间大,False,False
31,巡检测温-熔炼炉区-高温辐射环境,Inspection-SmeltingFurnaceZone-HighTempRadiation,32-321-00,有色金属冶炼和压延加工业,熔炼,4.67,0.75,5,4,5,2,4,5,5,用工痛点突出；规模潜力大；超人价值高；操作简单；环境结构化；容错空间大,False,False
32,储罐巡检-原油罐区-外观及附件检查,TankInspection-CrudeOilTankFarm-ExteriorAndAccessoryCheck,7-71-00,石油和天然气开采业,储运,4.67,0.75,4,5,5,2,4,5,5,用工痛点突出；规模潜力大；超人价值高；操作简单；环境结构化；容错空间大,False,False
33,电气巡检-配电设施-红外测温及读数,ElectricalInspection-PowerDistribution-InfraredThermographyAndReading,7-71-00,石油和天然气开采业,设备维护,4.67,0.75,4,5,5,2,4,5,5,用工痛点突出；规模潜力大；超人价值高；操作简单；环境结构化；容错空间大,False,False
34,巡检监测-球磨机衬板-高温粉尘环境,Inspection-BallMillLiner-HighTempDustyEnvironment,9-91-00,有色金属矿采选业,磨矿,4.67,0.75,5,4,5,2,4,5,5,用工痛点突出；规模潜力大；超人价值高；操作简单；环境结构化；容错空间大,False,False
35,巡检监测-选矿车间设备-高噪粉尘环境,Inspection-ConcentratorEquipment-HighNoiseDustyEnvironment,9-91-00,有色金属矿采选业,选矿,4.67,0.75,4,5,5,2,4,5,5,用工痛点突出；规模潜力大；超人价值高；操作简单；环境结构化；容错空间大,False,False
36,巡检监测-井下巷道瓦斯浓度-防爆要求,Inspection-UndergroundTunnelGasConcentration-ExplosionProof,11-111-1110,开采专业及辅助性活动,安全监测监控,4.67,0.75,5,4,5,1,3,5,5,用工痛点突出；规模潜力大；超人价值高；操作简单；容错空间大,False,False
37,储罐区巡检-LPG球罐-防爆环境,TankFarmInspection-LPGSphericalTank-ExplosionProofZone,45-00-4512,燃气生产和供应业,液化储存,4.67,0.75,5,4,5,2,4,5,5,用工痛点突出；规模潜力大；超人价值高；操作简单；环境结构化；容错空间大,False,False
38,综合巡检-天然气门站-防爆区域,ComprehensiveInspection-NGGateStation-ExplosionProofZone,45-00-4511,燃气生产和供应业,管网输配,4.67,0.75,4,5,5,2,4,5,5,用工痛点突出；规模潜力大；超人价值高；操作简单；环境结构化；容错空间大,False,False
39,生化池巡检-曝气池沿岸-有毒气体暴露区,BiochemicalPoolInspection-AerationTankPerimeter-ToxicGasZone,46-462-4620,水的生产和供应业,生化池,4.67,0.75,4,5,5,2,4,5,5,用工痛点突出；规模潜力大；超人价值高；操作简单；环境结构化；容错空间大,False,False
40,巡检读数-炼焦炉顶-高温粉尘环境,InspectionReading-CokingOvenTop-HighTempDusty,25-252-2521,石油、煤炭及其他燃料加工业,炼焦,4.67,1.0,5,4,5,2,4,4,5,用工痛点突出；规模潜力大；超人价值高；操作简单；环境结构化；容错空间大,False,False
41,危化品搬运-储罐区-防泄漏巡查,HazmatHandling-TankFarm-LeakPatrol,26-00-00,化学原料和化学制品制造业,储存,4.67,1.0,5,5,4,2,4,4,5,用工痛点突出；规模潜力大；超人价值高；操作简单；环境结构化；容错空间大,False,False
42,巡检监测-皮带运输机-沿线全程,Inspection-BeltConveyor-FullLinePatrol,6-61-610,煤炭开采和洗选业,运输提升,4.67,1.0,4,5,5,1,3,4,5,用工痛点突出；规模潜力大；超人价值高；操作简单；容错空间大,False,False
43,法兰检漏-管道连接点-气体泄漏巡检,FlangeLeakDetection-PipelineJoints-GasLeakagePatrol,7-72-00,石油和天然气开采业,安全监控,4.67,1.0,4,5,5,2,3,5,5,用工痛点突出；规模潜力大；超人价值高；操作简单；容错空间大,True,True
44,皮带运输巡检-矿石输送线-长距离巡线,ConveyorInspection-OreTransportLine-LongDistancePatrol,10-00-00,非金属矿采选业,井下运输,4.67,1.0,4,5,5,2,4,4,5,用工痛点突出；规模潜力大；超人价值高；操作简单；环境结构化；容错空间大,False,False
45,设备点检-破碎车间-高粉尘振动环境,EquipmentInspection-CrushingWorkshop-DustyVibration,10-00-00,非金属矿采选业,破碎筛分,4.67,1.0,4,5,5,2,4,4,5,用工痛点突出；规模潜力大；超人价值高；操作简单；环境结构化；容错空间大,False,False
46,巡检监测-井场油气井口-偏远无人值守,Inspection-OilGasWellhead-RemoteUnmanned,11-112-1120,开采专业及辅助性活动,生产监控巡检,4.67,1.0,4,5,5,2,4,4,5,用工痛点突出；规模潜力大；超人价值高；操作简单；环境结构化；容错空间大,False,False
47,储罐清洗检查-发酵罐内部-受限空间,TankCleaningInspection-FermentorInterior-ConfinedSpace,15-151-00,酒、饮料和精制茶制造业,发酵,4.67,1.0,5,4,5,2,4,4,5,用工痛点突出；规模潜力大；超人价值高；操作简单；环境结构化；容错空间大,False,False
48,机舱巡检-风力发电机组-狭窄高空作业,NacelleInspection-WindTurbine-ConfinedHighAltitude,44-441-4415,电力、热力生产和供应业,定期巡检,4.67,1.0,4,5,5,3,4,5,5,用工痛点突出；规模潜力大；超人价值高；环境结构化；容错空间大,False,False
49,泄漏检测-燃气管道接口-便携检测仪,LeakDetection-GasPipelineJoint-PortableDetector,45-00-4511,燃气生产和供应业,管网输配,4.67,1.0,4,5,5,2,3,5,5,用工痛点突出；规模潜力大；超人价值高；操作简单；容错空间大,False,False
50,印刷品质检-外观瑕疵-全面翻检,PrintQualityInspection-SurfaceDefects-FullFlipCheck,23-231-00,印刷和记录媒介复制业,质检,4.67,1.25,4,5,5,3,4,5,4,用工痛点突出；规模潜力大；超人价值高；环境结构化；容错空间大,False,False
51,氧化铝加料-电解槽-粉尘环境,AluminaFeeding-ElectrolyticCell-DustyEnvironment,32-00-3216,有色金属冶炼和压延加工业,配料,4.67,1.25,5,5,4,2,4,4,4,用工痛点突出；规模潜力大；超人价值高；操作简单；环境结构化；容错空间大,False,False
52,点检维护-井下机电设备-多工位巡回,EquipmentInspection-UndergroundMachinery-MultiStationPatrol,6-61-610,煤炭开采和洗选业,运输提升,4.67,1.25,4,5,5,3,4,4,5,用工痛点突出；规模潜力大；超人价值高；环境结构化；容错空间大,False,False
53,巡检监测-井下采掘工作面-高危受限空间,Inspection-UndergroundMiningFace-ConfinedHazardous,8-81-810,黑色金属矿采选业,采掘作业,4.67,1.25,5,4,5,2,2,5,5,用工痛点突出；规模潜力大；超人价值高；操作简单；容错空间大,False,False
54,尾矿库巡查-矿山尾矿区-坝体安全监测,TailingsDamInspection-MineTailingsArea-DamSafetyMonitoring,10-00-00,非金属矿采选业,洗选分级,4.67,1.25,5,4,5,2,3,4,5,用工痛点突出；规模潜力大；超人价值高；操作简单；容错空间大,False,False
55,风能设备巡检-风电齿轮箱-高空狭窄空间,WindEquipmentInspection-WindGearbox-HighAltitudeConfined,34-341-3415,通用设备制造业,运维巡检,4.67,1.25,5,4,5,3,3,5,5,用工痛点突出；规模潜力大；超人价值高；容错空间大,False,False
56,浸漆吊装-电机定转子-高温环境,VarnishDipping-MotorStatorRotor-HighTemperature,38-381-3812,电气机械和器材制造业,浸漆固化,4.67,1.25,5,4,5,2,5,3,4,用工痛点突出；规模潜力大；超人价值高；操作简单；环境结构化,False,False
57,外观检测-仪表壳体-多面翻转,VisualInspection-InstrumentHousing-MultiFaceFlipping,40-00-00,仪器仪表制造业,检测测试,4.67,1.25,4,5,5,2,5,4,3,用工痛点突出；规模潜力大；超人价值高；操作简单；环境结构化；容错空间大,False,False
58,验布检疵-坯布表面-高速连续检测,FabricInspection-GreigeClothSurface-HighSpeedContinuous,17-171-1712,纺织业,坯布检验,4.67,1.5,4,5,5,2,5,3,3,用工痛点突出；规模潜力大；超人价值高；操作简单；环境结构化,False,False
59,外观质检-成品鞋-多角度检查,VisualInspection-FinishedShoe-MultiAngle,19-195-00,皮革、毛皮、羽毛及其制品和制鞋业,成品检验,4.67,1.5,4,5,5,3,4,4,4,用工痛点突出；规模潜力大；超人价值高；环境结构化；容错空间大,False,False
60,检测巡查-井下变电所-电气安全,Inspection-UndergroundSubstation-ElectricalSafety,6-61-610,煤炭开采和洗选业,采掘作业,4.67,1.5,5,4,5,3,5,2,5,用工痛点突出；规模潜力大；超人价值高；环境结构化,False,False
61,巡检监测-尾矿库坝体-高危区域,Inspection-TailingsDam-HighRiskZone,8-00-00,黑色金属矿采选业,尾矿处理,4.67,1.5,5,4,5,2,2,4,5,用工痛点突出；规模潜力大；超人价值高；操作简单；容错空间大,False,False
62,气体监测-化学矿采区-有毒气体环境,GasMonitoring-ChemicalMineZone-ToxicGasEnvironment,10-102-1020,非金属矿采选业,采掘装载,4.67,1.5,5,4,5,2,2,4,5,用工痛点突出；规模潜力大；超人价值高；操作简单；容错空间大,True,True
63,外观检测-糕点成品-多面翻转,VisualInspection-Pastry-MultiSide,14-141-00,食品制造业,冷却,4.67,1.5,4,5,5,3,4,5,3,用工痛点突出；规模潜力大；超人价值高；环境结构化；容错空间大,False,False
64,雨水收集池巡检-调蓄池内部-密闭缺氧空间,RainwaterTankInspection-StorageTankInterior-ConfinedOxygenDeficientSpace,46-469-4690,水的生产和供应业,设施维护,4.67,1.5,5,4,5,3,3,4,5,用工痛点突出；规模潜力大；超人价值高；容错空间大,False,False
65,巡检读数-发酵罐区-多参数采集,Inspection-FermentationTanks-MultiParameter,15-151-00,酒、饮料和精制茶制造业,发酵,4.33,0.25,3,5,5,1,5,5,5,规模潜力大；超人价值高；操作简单；环境结构化；容错空间大,False,False
66,巡检监测-蒸煮段-高温高压,Inspection-DigestingSection-HighTemperaturePressure,22-221-2211,造纸和纸制品业,蒸煮,4.33,0.5,5,3,5,1,4,5,5,用工痛点突出；超人价值高；操作简单；环境结构化；容错空间大,False,False
67,设备巡检-浸出车间-易燃防爆,EquipmentInspection-ExtractionWorkshop-FlammableExplosionProof,13-133-1331,农副食品加工业,压榨浸出,4.33,0.5,5,3,5,1,4,5,5,用工痛点突出；超人价值高；操作简单；环境结构化；容错空间大,False,False
68,蒸馏设备巡检-蒸馏车间-易燃区域,DistillationInspection-DistilleryHall-FlammableZone,15-00-1511,酒、饮料和精制茶制造业,蒸馏,4.33,0.5,5,3,5,1,4,5,5,用工痛点突出；超人价值高；操作简单；环境结构化；容错空间大,False,False
69,设备巡检-大型机组试车-仪表读数采集,EquipmentInspection-LargeMachineTest-MeterReading,35-00-00,专用设备制造业,调试试车,4.33,0.5,3,5,5,1,4,5,5,规模潜力大；超人价值高；操作简单；环境结构化；容错空间大,False,False
70,外观检测-整车下线-全车巡检,VisualInspection-FinishedVehicle-FullScan,36-361-00,汽车制造业,整车检测,4.33,0.5,3,5,5,1,5,5,4,规模潜力大；超人价值高；操作简单；环境结构化；容错空间大,False,False
71,漆面检测-涂装下线-全车扫描,PaintInspection-PostPaint-FullScan,36-361-00,汽车制造业,涂装,4.33,0.5,4,4,5,1,5,5,4,用工痛点突出；规模潜力大；超人价值高；操作简单；环境结构化；容错空间大,False,False
72,巡检读数-生产设备仪表盘-固定路线,InspectionReading-ProductionEquipmentGauges-FixedRoute,40-00-00,仪器仪表制造业,检测测试,4.33,0.5,3,5,5,1,4,5,5,规模潜力大；超人价值高；操作简单；环境结构化；容错空间大,False,False
73,老化测试-电子仪表-高温环境监控,BurnInTest-ElectronicInstruments-HighTempMonitoring,40-401-4011,仪器仪表制造业,老化筛选,4.33,0.5,4,4,5,2,5,5,5,用工痛点突出；规模潜力大；超人价值高；操作简单；环境结构化；容错空间大,False,False
74,仪表抄读-水厂分散仪表-多区域长距离,MeterReading-WaterPlantScatteredMeters-MultiAreaLongDistance,46-461-4610,水的生产和供应业,巡检维护,4.33,0.5,3,5,5,1,4,5,5,规模潜力大；超人价值高；操作简单；环境结构化；容错空间大,False,False
75,巡检维护-卷接包装设备-多参数监测,Inspection-CigaretteEquipment-MultiParameter,16-162-1620,烟草制品业,卷接成型,4.33,0.75,3,5,5,2,4,5,5,规模潜力大；超人价值高；操作简单；环境结构化；容错空间大,False,False
76,车间巡检-家具工厂-设备状态,Inspection-FurnitureFactory-Equipment,21-00-00,家具制造业,加工制造,4.33,0.75,3,5,5,1,3,5,5,规模潜力大；超人价值高；操作简单；容错空间大,False,False
77,废水取样-环保处理站-污染环境,WastewaterSampling-TreatmentPlant-PollutedEnv,26-00-2666,化学原料和化学制品制造业,达标排放,4.33,0.75,4,5,4,2,4,5,5,用工痛点突出；规模潜力大；超人价值高；操作简单；环境结构化；容错空间大,False,False
78,巡检监控-聚合反应釜-压力温度,Inspection-PolymerizationReactor-PressureTemp,28-282-00,化学纤维制造业,聚合反应,4.33,0.75,4,4,5,1,4,4,5,用工痛点突出；规模潜力大；超人价值高；操作简单；环境结构化；容错空间大,False,False
79,巡检记录-橡塑生产设备-多机房,EquipmentPatrol-RubberPlasticMachine-MultiRoom,29-00-00,橡胶和塑料制品业,巡检监控,4.33,0.75,3,5,5,1,3,5,5,规模潜力大；超人价值高；操作简单；容错空间大,True,True
80,巡检监测-石墨化炉-高温辐射,Inspection-GraphitizationFurnace-HighTempRadiation,30-309-3091,非金属矿物制品业,石墨化,4.33,0.75,5,3,5,2,4,5,5,用工痛点突出；超人价值高；操作简单；环境结构化；容错空间大,False,False
81,巡检监测-高炉区域设备-高温粉尘环境,Inspection-BlastFurnaceEquipment-HighTempDust,31-311-3110,黑色金属冶炼和压延加工业,高炉冶炼,4.33,0.75,4,4,5,2,4,5,5,用工痛点突出；规模潜力大；超人价值高；操作简单；环境结构化；容错空间大,False,False
82,巡检监测-转炉区域设备-高温粉尘烟气,Inspection-ConverterAreaEquipment-HighTempFumes,31-312-3120,黑色金属冶炼和压延加工业,吹炼熔炼,4.33,0.75,4,4,5,2,4,5,5,用工痛点突出；规模潜力大；超人价值高；操作简单；环境结构化；容错空间大,False,False
83,萃取槽巡检-稀土分离-腐蚀有毒环境,ExtractionTankInspection-RareEarthSeparation-CorrosiveToxic,32-00-3232,有色金属冶炼和压延加工业,萃取分离,4.33,0.75,5,3,5,2,4,5,5,用工痛点突出；超人价值高；操作简单；环境结构化；容错空间大,False,False
84,巡检读数-油气井场仪表-多点定时采集,InspectionReading-OilGasWellsiteInstruments-MultiPointScheduled,7-71-00,石油和天然气开采业,设备维护,4.33,0.75,3,5,5,1,3,5,5,规模潜力大；超人价值高；操作简单；容错空间大,False,False
85,巡检读数-海上平台设备-多层甲板遍历,InspectionReading-OffshorePlatformEquipment-MultiDeckTraversal,7-00-712,石油和天然气开采业,平台维护,4.33,0.75,4,4,5,2,4,5,5,用工痛点突出；规模潜力大；超人价值高；操作简单；环境结构化；容错空间大,False,False
86,巡检监测-井下变电所-带电高危,Inspection-UndergroundSubstation-LiveHighVoltage,8-81-810,黑色金属矿采选业,井巷开拓,4.33,0.75,5,3,5,2,4,5,5,用工痛点突出；超人价值高；操作简单；环境结构化；容错空间大,False,False
87,巡检监测-磨机车间设备-高噪高温,Inspection-GrindingMillEquipment-HighNoiseHighTemp,8-00-00,黑色金属矿采选业,磨矿分级,4.33,0.75,4,4,5,2,4,5,5,用工痛点突出；规模潜力大；超人价值高；操作简单；环境结构化；容错空间大,False,False
88,巡检监测-稀土萃取槽-酸碱腐蚀环境,Inspection-RareEarthExtractionTank-AcidAlkaliCorrosiveEnvironment,9-00-932,有色金属矿采选业,萃取分离,4.33,0.75,5,3,5,2,4,5,5,用工痛点突出；超人价值高；操作简单；环境结构化；容错空间大,False,False
89,设备巡检-磨粉车间-粉尘防爆,EquipmentInspection-MillingWorkshop-DustExplosionProof,13-131-00,农副食品加工业,碾磨研磨,4.33,0.75,5,4,4,1,3,5,5,用工痛点突出；规模潜力大；超人价值高；操作简单；容错空间大,False,False
90,内部巡检-集装箱焊缝-密闭空间进入,InternalInspection-ContainerWeld-ConfinedEntry,33-333-3331,金属制品业,内部检测,4.33,0.75,5,3,5,2,5,5,4,用工痛点突出；超人价值高；操作简单；环境结构化；容错空间大,False,False
91,功能检测-整车电器-多系统测试,FunctionalTest-VehicleElectrical-MultiSystem,36-361-00,汽车制造业,整车检测,4.33,0.75,3,5,5,2,5,5,4,规模潜力大；超人价值高；操作简单；环境结构化；容错空间大,False,False
92,外观检测-零部件-批量抽检,VisualInspection-Parts-BatchSampling,36-367-3670,汽车制造业,检测,4.33,0.75,3,5,5,1,5,4,4,规模潜力大；超人价值高；操作简单；环境结构化；容错空间大,False,False
93,巡检维护-车间设备-多点位覆盖,Inspection-ShopEquipment-MultiPoint,36-00-00,汽车制造业,涂装,4.33,0.75,3,5,5,1,3,5,5,规模潜力大；超人价值高；操作简单；容错空间大,False,False
94,状态巡检-通用设备-移动式多点监测,ConditionInspection-GeneralEquipment-MobileMultiPoint,43-432-4320,金属制品、机械和设备修理业,故障诊断,4.33,0.75,3,5,5,1,3,5,5,规模潜力大；超人价值高；操作简单；容错空间大,False,False
95,发酵罐巡检-厌氧反应器-密闭空间,DigesterInspection-AnaerobicReactor-ConfinedSpace,45-452-4520,燃气生产和供应业,厌氧发酵,4.33,0.75,4,4,5,2,4,5,5,用工痛点突出；规模潜力大；超人价值高；操作简单；环境结构化；容错空间大,False,False
96,沼气净化巡检-脱硫脱碳设备-气体环境,BiogasPurificationInspection-DesulfurizationEquipment-GasEnvironment,45-452-4520,燃气生产和供应业,沼气净化,4.33,0.75,4,4,5,2,4,5,5,用工痛点突出；规模潜力大；超人价值高；操作简单；环境结构化；容错空间大,False,False
97,二沉池刮泥机巡检-污泥回流区-坠池溺水风险,SecondaryClarifierInspection-SludgeReturnZone-DrowningRisk,46-462-4620,水的生产和供应业,二沉池,4.33,0.75,4,5,4,2,4,5,5,用工痛点突出；规模潜力大；超人价值高；操作简单；环境结构化；容错空间大,False,False
98,设备巡检-泵房水泵机组-多层楼梯分布,EquipmentInspection-PumpStationUnits-MultiFloorStairs,46-461-4610,水的生产和供应业,巡检维护,4.33,0.75,3,5,5,2,4,5,5,规模潜力大；超人价值高；操作简单；环境结构化；容错空间大,False,False
99,物料转运-洁净室药品中间体-GMP追溯,MaterialTransfer-CleanroomIntermediates-GMPTraceable,27-272-2720,医药制造业,制粒混合,4.33,1.0,4,4,5,2,5,4,4,用工痛点突出；规模潜力大；超人价值高；操作简单；环境结构化；容错空间大,False,False
100,巡检监测-连铸机区域-高温辐射水汽环境,Inspection-ContinuousCastingMachine-HighTempSteam,31-312-3120,黑色金属冶炼和压延加工业,连铸作业,4.33,1.0,4,4,5,2,4,4,5,用工痛点突出；规模潜力大；超人价值高；操作简单；环境结构化；容错空间大,False,False
101,巡检监测-海上平台-设备管路,Inspection-OffshorePlatform-EquipmentPiping,11-112-1120,开采专业及辅助性活动,生产监控巡检,4.33,1.0,5,3,5,2,4,4,5,用工痛点突出；超人价值高；操作简单；环境结构化；容错空间大,False,False
102,巡检监测-矿山变电站-高压配电,Inspection-MineSubstation-HighVoltageDistribution,11-119-1190,开采专业及辅助性活动,设备维护检修,4.33,1.0,4,4,5,2,4,4,5,用工痛点突出；规模潜力大；超人价值高；操作简单；环境结构化；容错空间大,False,False
103,外观检测-冲压件-多角度翻转,VisualInspection-StampedPart-MultiAngle,36-361-00,汽车制造业,冲压成型,4.33,1.0,4,4,5,2,4,5,4,用工痛点突出；规模潜力大；超人价值高；操作简单；环境结构化；容错空间大,False,False
104,维护检修-海洋平台设备-远程遥操作巡检,MaintenanceInspection-OffshorePlatformEquipment-RemoteTeleopPatrol,37-373-3737,铁路、船舶、航空航天和其他运输设备制造业,维护检修,4.33,1.0,4,4,5,2,3,5,5,用工痛点突出；规模潜力大；超人价值高；操作简单；容错空间大,False,False
105,高压测试-变压器成品-安全隔离,HighVoltageTest-TransformerFinished-SafetyIsolation,38-382-3821,电气机械和器材制造业,高压测试,4.33,1.0,5,3,5,3,5,4,5,用工痛点突出；超人价值高；环境结构化；容错空间大,False,False
106,设备巡检-变电站开关柜-多仪表读取,EquipmentInspection-SubstationSwitchgear-MultiMeterReading,44-442-4420,电力、热力生产和供应业,设备巡检,4.33,1.0,3,5,5,3,4,5,5,规模潜力大；超人价值高；环境结构化；容错空间大,False,False
107,锅炉巡检-火电厂高温区-热成像监测,BoilerInspection-ThermalPowerPlant-ThermalImaging,44-441-4411,电力、热力生产和供应业,设备巡检,4.33,1.0,4,4,5,2,3,5,5,用工痛点突出；规模潜力大；超人价值高；操作简单；容错空间大,False,False
108,净化塔巡检-脱硫脱氨-有毒环境,PurifierInspection-DesulfurizationTower-ToxicEnvironment,45-00-4513,燃气生产和供应业,粗煤气净化,4.33,1.0,5,3,5,2,4,4,5,用工痛点突出；超人价值高；操作简单；环境结构化；容错空间大,False,False
109,气化炉巡检-煤气发生炉-高温区域,GasifierInspection-CoalGasGenerator-HighTempZone,45-00-4513,燃气生产和供应业,气化反应,4.33,1.0,5,3,5,2,4,4,5,用工痛点突出；超人价值高；操作简单；环境结构化；容错空间大,False,False
110,外观检测-机制纸表面-纸病识别,SurfaceInspection-MachineMadePaper-DefectDetection,22-222-2221,造纸和纸制品业,检验,4.33,1.25,4,4,5,1,5,4,2,用工痛点突出；规模潜力大；超人价值高；操作简单；环境结构化；容错空间大,False,False
111,取样送检-反应釜出料口-高温腐蚀,Sampling-ReactorOutlet-HighTempCorrosive,26-261-00,化学原料和化学制品制造业,反应合成,4.33,1.25,5,4,4,3,4,4,5,用工痛点突出；规模潜力大；超人价值高；环境结构化；容错空间大,False,False
112,投料加料-粉体原料-粉尘爆炸风险,MaterialFeeding-Powder-DustExplosionRisk,26-262-00,化学原料和化学制品制造业,配料称量,4.33,1.25,5,4,4,2,4,4,4,用工痛点突出；规模潜力大；超人价值高；操作简单；环境结构化；容错空间大,False,False
113,搬运码垛-成品药箱-50kg重载,PalletizingStacking-FinishedMedicineCases-50kgHeavyLoad,27-272-2720,医药制造业,成品入库,4.33,1.25,4,5,4,2,4,4,4,用工痛点突出；规模潜力大；超人价值高；操作简单；环境结构化；容错空间大,False,False
114,冻干上架-生物制品托盘-无菌操作,LyophilizationLoading-BiologicsTray-AsepticOperation,27-276-00,医药制造业,冻干封口,4.33,1.25,5,3,5,2,5,3,4,用工痛点突出；超人价值高；操作简单；环境结构化,False,False
115,阳极泥收集-电解槽底-贵金属回收,AnodeSlimeCollection-CellBottom-PreciousMetalRecovery,32-00-3221,有色金属冶炼和压延加工业,阳极泥收集,4.33,1.25,5,3,5,3,4,4,5,用工痛点突出；超人价值高；环境结构化；容错空间大,False,False
116,巡检监测-井下皮带输送机-运行状态,Inspection-UndergroundBeltConveyor-OperatingStatus,11-111-1110,开采专业及辅助性活动,设备维护检修,4.33,1.25,4,4,5,2,3,4,5,用工痛点突出；规模潜力大；超人价值高；操作简单；容错空间大,False,False
117,物料搬运-冷冻水产-零下25度,MaterialHandling-FrozenSeafood-Minus25Celsius,13-136-1361,农副食品加工业,冷库仓储,4.33,1.25,5,4,4,2,4,4,4,用工痛点突出；规模潜力大；超人价值高；操作简单；环境结构化；容错空间大,False,False
118,物料搬运-冷库肉品-零下18度,MaterialHandling-FrozenMeat-Minus18Celsius,13-135-1351,农副食品加工业,冷库仓储,4.33,1.25,5,4,4,2,4,4,4,用工痛点突出；规模潜力大；超人价值高；操作简单；环境结构化；容错空间大,False,False
119,速冻转运-冷库物料-低温环境,FrozenTransfer-ColdStorage-LowTemp,14-00-1432,食品制造业,冷库储存,4.33,1.25,5,4,4,2,4,4,4,用工痛点突出；规模潜力大；超人价值高；操作简单；环境结构化；容错空间大,False,False
120,灌装液位检测-饮料灌装线-高速在线,FillLevelInspection-BeverageLine-HighSpeedInline,15-152-00,酒、饮料和精制茶制造业,灌装,4.33,1.25,4,5,4,1,5,4,2,用工痛点突出；规模潜力大；超人价值高；操作简单；环境结构化；容错空间大,False,False
121,瓶盖检测剔除-封盖机下游-高速在线,CapInspectionRejection-PostCapper-HighSpeedInline,15-152-00,酒、饮料和精制茶制造业,封盖,4.33,1.25,4,5,4,1,5,4,2,用工痛点突出；规模潜力大；超人价值高；操作简单；环境结构化；容错空间大,False,False
122,内部检测-压力容器-受限空间作业,InternalInspection-PressureVessel-ConfinedSpace,33-333-3332,金属制品业,内部检测,4.33,1.25,5,3,5,3,4,4,5,用工痛点突出；超人价值高；环境结构化；容错空间大,False,False
123,光学检测-眼镜镜片-全检分级,OpticalInspection-EyeglassLens-FullSortingGrading,35-358-3587,专用设备制造业,检验,4.33,1.25,4,4,5,2,5,5,2,用工痛点突出；规模潜力大；超人价值高；操作简单；环境结构化；容错空间大,False,False
124,试驾检测-整车路试-多工况测试,RoadTest-FinishedVehicle-MultiCondition,36-361-00,汽车制造业,整车检测,4.33,1.25,3,5,5,2,4,4,4,规模潜力大；超人价值高；操作简单；环境结构化；容错空间大,True,True
125,性能测试-家用电器成品-多项目联测,PerformanceTest-HomeApplianceFinished-MultiItemCombined,38-385-3859,电气机械和器材制造业,性能测试,4.33,1.25,3,5,5,2,4,5,3,规模潜力大；超人价值高；操作简单；环境结构化；容错空间大,False,False
126,校准调试-测量仪器-标准规程操作,CalibrationAdjustment-MeasuringInstruments-StandardProcedure,40-401-4013,仪器仪表制造业,校准调试,4.33,1.25,4,4,5,4,5,4,5,用工痛点突出；规模潜力大；超人价值高；环境结构化；容错空间大,False,False
127,喷砂除锈-中大型金属件-密闭舱室,Sandblasting-MediumLargeParts-EnclosedChamber,43-431-4310,金属制品、机械和设备修理业,清洗处理,4.33,1.25,5,4,4,3,4,4,5,用工痛点突出；规模潜力大；超人价值高；环境结构化；容错空间大,False,False
128,格栅除渣-进水口粗格栅-恶臭湿滑环境,BarScreenCleaning-InletCoarseScreen-OdorousSlipperyZone,46-462-4620,水的生产和供应业,粗格栅,4.33,1.25,4,5,4,3,4,4,5,用工痛点突出；规模潜力大；超人价值高；环境结构化；容错空间大,False,False
129,成衣外观检测-质检台-多面翻转,GarmentInspection-QCStation-MultiSideFlipping,18-00-00,纺织服装、服饰业,质量检验,4.33,1.5,4,4,5,3,4,4,4,用工痛点突出；规模潜力大；超人价值高；环境结构化；容错空间大,False,False
130,外观质检-成品皮革-多缺陷类型,VisualInspection-FinishedLeather-MultiDefect,19-191-1910,皮革、毛皮、羽毛及其制品和制鞋业,检验包装,4.33,1.5,4,4,5,3,4,4,4,用工痛点突出；规模潜力大；超人价值高；环境结构化；容错空间大,False,False
131,取样送检-催化裂化产品-高温管线,Sampling-FCCProducts-HighTempPipeline,25-251-2511,石油、煤炭及其他燃料加工业,催化裂化,4.33,1.5,5,4,4,3,4,4,4,用工痛点突出；规模潜力大；超人价值高；环境结构化；容错空间大,False,False
132,取样送检-煤气净化系统-腐蚀性介质,Sampling-GasPurificationSystem-CorrosiveMedia,25-252-2521,石油、煤炭及其他燃料加工业,煤气净化,4.33,1.5,5,4,4,3,4,4,4,用工痛点突出；规模潜力大；超人价值高；环境结构化；容错空间大,False,False
133,阀门操作-管廊手轮阀-应急切换,ValveOperation-PipeRackHandwheel-Emergency,26-261-00,化学原料和化学制品制造业,中间储存,4.33,1.5,4,5,4,3,4,3,5,用工痛点突出；规模潜力大；超人价值高；环境结构化,True,True
134,原料入库-桶装粉末原料-重载搬运,RawMaterialReceiving-DrumPowder-HeavyLifting,27-271-2710,医药制造业,原料入库,4.33,1.5,4,5,4,2,3,4,4,用工痛点突出；规模潜力大；超人价值高；操作简单；容错空间大,False,False
135,外观检测-成品轮胎-全周表面,VisualInspection-FinishedTire-FullSurface,29-00-2911,橡胶和塑料制品业,外观检测,4.33,1.5,3,5,5,3,4,5,3,规模潜力大；超人价值高；环境结构化；容错空间大,False,False
136,搬运上料-橡胶配合剂-粉尘重载,MaterialHandling-RubberAdditive-DustyHeavy,29-291-00,橡胶和塑料制品业,配料称量,4.33,1.5,5,4,4,2,4,3,4,用工痛点突出；规模潜力大；超人价值高；操作简单；环境结构化,False,False
137,外观检测-塑料注塑件-多面翻转,VisualInspection-InjectionPart-MultiSideFlip,29-292-00,橡胶和塑料制品业,检测,4.33,1.5,3,5,5,2,4,4,3,规模潜力大；超人价值高；操作简单；环境结构化；容错空间大,False,False
138,搬运码垛-粘土砖块-高温出窑,Palletizing-ClayBrick-HotFromKiln,30-303-3031,非金属矿物制品业,出窑,4.33,1.5,4,5,4,2,3,4,4,用工痛点突出；规模潜力大；超人价值高；操作简单；容错空间大,False,False
139,外观检测-建筑瓷砖-表面分级,Inspection-CeramicTiles-SurfaceGrading,30-307-3071,非金属矿物制品业,检选,4.33,1.5,3,5,5,2,5,4,2,规模潜力大；超人价值高；操作简单；环境结构化；容错空间大,False,False
140,铸坯表面检测-缺陷识别标记-高温辐射环境,BilletSurfaceInspection-DefectMarking-HighTempRadiation,31-312-3120,黑色金属冶炼和压延加工业,铸坯检验,4.33,1.5,4,4,5,2,4,4,3,用工痛点突出；规模潜力大；超人价值高；操作简单；环境结构化；容错空间大,False,False
141,取样送检-熔炼炉前-高温液态金属,Sampling-FurnaceFront-MoltenMetal,32-321-00,有色金属冶炼和压延加工业,熔炼,4.33,1.5,5,4,4,3,4,4,4,用工痛点突出；规模潜力大；超人价值高；环境结构化；容错空间大,False,False
142,铸锭表面检测-连铸机出口-高温坯料,IngotInspection-CasterOutlet-HighTempBillet,32-321-00,有色金属冶炼和压延加工业,检测,4.33,1.5,4,4,5,2,4,4,3,用工痛点突出；规模潜力大；超人价值高；操作简单；环境结构化；容错空间大,False,False
143,成品码垛-包装线末端-重复搬运,Palletizing-PackagingLineEnd-RepetitiveHandling,32-325-00,有色金属冶炼和压延加工业,成品出库,4.33,1.5,4,5,4,2,4,4,3,用工痛点突出；规模潜力大；超人价值高；操作简单；环境结构化；容错空间大,False,False
144,废料分拣-回收车间-重金属粉尘,ScrapSorting-RecyclingWorkshop-HeavyMetalDust,32-321-00,有色金属冶炼和压延加工业,原料入库,4.33,1.5,5,4,4,3,3,4,5,用工痛点突出；规模潜力大；超人价值高；容错空间大,False,False
145,酸洗槽操作-表面处理-腐蚀环境,PicklingTankOperation-SurfaceTreatment-CorrosiveEnvironment,32-325-00,有色金属冶炼和压延加工业,表面处理,4.33,1.5,5,4,4,2,4,3,4,用工痛点突出；规模潜力大；超人价值高；操作简单；环境结构化,False,False
146,搬运码垛-精矿成品-25kg袋装,Palletizing-ConcentrateProduct-25kgBagged,9-91-00,有色金属矿采选业,成品出库,4.33,1.5,4,5,4,2,4,4,3,用工痛点突出；规模潜力大；超人价值高；操作简单；环境结构化；容错空间大,True,True
147,巡检监测-矿山设备-粉尘噪音环境,Inspection-MiningEquipment-DustNoiseEnvironment,11-119-1190,开采专业及辅助性活动,设备维护检修,4.33,1.5,4,4,5,2,2,4,5,用工痛点突出；规模潜力大；超人价值高；操作简单；容错空间大,False,False
148,保健品分装-胶囊片剂-计数装瓶,SupplementPacking-CapsuleTablet-CountingBottle,14-00-1492,食品制造业,分装,4.33,1.5,4,4,5,2,5,3,3,用工痛点突出；规模潜力大；超人价值高；操作简单；环境结构化,False,False
149,喷砂除锈-金属结构件-粉尘环境,Sandblasting-MetalStructure-DustyEnvironment,33-336-3360,金属制品业,喷砂除锈,4.33,1.5,5,4,4,2,3,4,4,用工痛点突出；规模潜力大；超人价值高；操作简单；容错空间大,False,False
150,焊缝巡检-大型钢结构-狭窄空间攀爬,WeldInspection-SteelStructure-ConfinedClimbing,33-331-3311,金属制品业,焊缝检测,4.33,1.5,4,4,5,3,2,5,5,用工痛点突出；规模潜力大；超人价值高；容错空间大,False,False
151,热处理上下料-渗碳淬火炉-高温防护,HeatTreatmentLoadUnload-CarburizingFurnace-HighTempProtection,35-00-00,专用设备制造业,热处理,4.33,1.5,5,4,4,2,4,3,4,用工痛点突出；规模潜力大；超人价值高；操作简单；环境结构化,False,False
152,物料配送-机加工车间-多工位跨楼层,MaterialDelivery-MachiningWorkshop-MultiStationMultiFloor,35-351-3516,专用设备制造业,机加工,4.33,1.5,4,5,4,2,3,4,4,用工痛点突出；规模潜力大；超人价值高；操作简单；容错空间大,True,True
153,化成分容-锂电池成品-批量操作,FormationGrading-LiBFinished-BatchOperation,38-384-3841,电气机械和器材制造业,化成,4.33,1.5,3,5,5,3,5,3,4,规模潜力大；超人价值高；环境结构化,False,False
154,性能测试-电机成品-多项目切换,PerformanceTest-MotorFinished-MultiItemSwitch,38-381-3812,电气机械和器材制造业,性能测试,4.33,1.5,3,5,5,3,4,4,4,规模潜力大；超人价值高；环境结构化；容错空间大,False,False
155,极板搬运-铅蓄电池-重载防腐,PlateHandling-LeadAcidBattery-HeavyAntiCorrosion,38-384-3843,电气机械和器材制造业,极板涂膏,4.33,1.5,5,4,4,2,4,3,4,用工痛点突出；规模潜力大；超人价值高；操作简单；环境结构化,True,False
156,电池分选-成品配组-多参数判定,BatteryGrading-FinishedGrouping-MultiParamJudge,38-384-3841,电气机械和器材制造业,分选,4.33,1.5,3,5,5,2,5,4,2,规模潜力大；超人价值高；操作简单；环境结构化；容错空间大,False,False
157,搬运上下料-电镀挂具-酸雾腐蚀环境,PlatingRackHandling-ElectroplatingJig-AcidMistCorrosion,39-00-3982,计算机、通信和其他电子设备制造业,电镀铜,4.33,1.5,5,4,4,2,4,3,4,用工痛点突出；规模潜力大；超人价值高；操作简单；环境结构化,False,False
158,分拣分类-废塑料-按材质色泽分选,Sorting-PlasticWaste-ByTypeAndColor,42-422-4220,废弃资源综合利用业,人工分拣,4.33,1.5,3,5,5,2,3,5,3,规模潜力大；超人价值高；操作简单；容错空间大,True,False
159,灌装巡检-口服液瓶装线-液位异常检测,FillingInspection-OralLiquidBottle-LevelAnomalyDetection,27-272-2720,医药制造业,压片灌装,4.0,0.25,3,4,5,1,5,5,5,规模潜力大；超人价值高；操作简单；环境结构化；容错空间大,False,False
160,杀菌设备巡检-高温区域-隧道式杀菌,SterilizerInspection-HighTempZone-TunnelPasteurizer,15-152-00,酒、饮料和精制茶制造业,杀菌,4.0,0.25,4,4,4,1,5,5,5,用工痛点突出；规模潜力大；超人价值高；操作简单；环境结构化；容错空间大,False,False
161,仪表读数-压力流量表-定时巡检,MeterReading-PressureFlowGauge-ScheduledInspection,45-00-4511,燃气生产和供应业,计量,4.0,0.25,3,5,4,1,5,5,5,规模潜力大；超人价值高；操作简单；环境结构化；容错空间大,False,False
162,高压管路巡检-海淡高压区-70bar高压泄漏风险,HighPressurePipeInspection-DesalinationHPZone-70barLeakRisk,46-463-4630,水的生产和供应业,高压泵送,4.0,0.25,4,3,5,1,5,5,5,用工痛点突出；超人价值高；操作简单；环境结构化；容错空间大,False,False
163,巡检记录-复烤设备-温湿度监测,Inspection-RoastingEquipment-TempHumidity,16-161-1610,烟草制品业,复烤干燥,4.0,0.5,3,4,5,1,4,5,5,规模潜力大；超人价值高；操作简单；环境结构化；容错空间大,False,False
164,巡检记录-锯材干燥窑-高温粉尘,Inspection-TimberKiln-HighTempDust,20-201-2011,木材加工和木、竹、藤、棕、草制品业,干燥处理,4.0,0.5,5,3,4,1,4,5,5,用工痛点突出；超人价值高；操作简单；环境结构化；容错空间大,False,False
165,巡检监测-核设施厂房-辐射限入区,PatrolMonitoring-NuclearFacility-RadiationRestrictedZone,25-253-2530,石油、煤炭及其他燃料加工业,元件制造,4.0,0.5,5,2,5,2,5,5,5,用工痛点突出；超人价值高；操作简单；环境结构化；容错空间大,False,False
166,仪表读数-盐场蒸发池-高盐腐蚀环境,MeterReading-SaltEvaporationPond-HighSaltCorrosion,10-103-1030,非金属矿采选业,蒸发浓缩,4.0,0.5,4,4,4,1,4,5,5,用工痛点突出；规模潜力大；超人价值高；操作简单；环境结构化；容错空间大,False,False
167,设备巡检-淀粉车间-粉尘防爆,EquipmentInspection-StarchWorkshop-DustExplosionProof,13-139-1391,农副食品加工业,脱水干燥,4.0,0.5,5,3,4,1,4,5,5,用工痛点突出；超人价值高；操作简单；环境结构化；容错空间大,False,False
168,设备巡检-蒸发结晶车间-高温热辐射,EquipmentInspection-EvaporationCrystallization-HighTemperatureRadiation,13-134-1340,农副食品加工业,蒸发浓缩,4.0,0.5,5,3,4,1,4,5,5,用工痛点突出；超人价值高；操作简单；环境结构化；容错空间大,False,False
169,外观检测-发动机成品-多角度检查,VisualInspection-Engine-MultiAngle,36-362-3620,汽车制造业,测试,4.0,0.5,3,4,5,1,5,5,4,规模潜力大；超人价值高；操作简单；环境结构化；容错空间大,False,False
170,巡检记录-高铁车辆段-多车巡视数据采集,InspectionRecording-HSRDepot-MultiTrainPatrol,37-371-3711,铁路、船舶、航空航天和其他运输设备制造业,整车检测,4.0,0.5,3,5,4,1,4,5,5,规模潜力大；超人价值高；操作简单；环境结构化；容错空间大,False,False
171,电子测量仪器老练-高温循环-长周期监控,ElectronicMeasurementInstrumentAgeing-ThermalCycling-LongTermMonitoring,40-402-4028,仪器仪表制造业,老化筛选,4.0,0.5,4,3,5,2,5,5,5,用工痛点突出；超人价值高；操作简单；环境结构化；容错空间大,True,True
172,巡检读数-辐照室设备-高辐射区域,Inspection-IrradiationEquipment-HighRadiationZone,41-412-4120,其他制造业,辐照处理,4.0,0.5,5,2,5,1,4,5,5,用工痛点突出；超人价值高；操作简单；环境结构化；容错空间大,False,False
173,光伏巡检-太阳能电站组件-热斑故障检测,PVInspection-SolarPanelArray-HotspotDetection,44-441-4416,电力、热力生产和供应业,组件巡检,4.0,0.5,3,5,4,1,4,5,5,规模潜力大；超人价值高；操作简单；环境结构化；容错空间大,False,False
174,输煤巡检-火电厂皮带走廊-粉尘防爆环境,CoalConveyorInspection-PowerPlantBeltCorridor-DustExplosionHazard,44-441-4411,电力、热力生产和供应业,输煤系统,4.0,0.5,4,4,4,1,4,5,5,用工痛点突出；规模潜力大；超人价值高；操作简单；环境结构化；容错空间大,False,False
175,配电房巡检-电力供应配电设施-带电环境操作,DistributionRoomInspection-PowerSupplyDistribution-LiveEquipmentOperation,44-442-4420,电力、热力生产和供应业,设备巡检,4.0,0.5,3,5,4,2,5,5,5,规模潜力大；超人价值高；操作简单；环境结构化；容错空间大,False,False
176,储气柜巡检-湿式储气柜-密封监测,GasholderInspection-WetGasholder-SealMonitoring,45-00-4513,燃气生产和供应业,储气,4.0,0.5,4,3,5,1,4,5,5,用工痛点突出；超人价值高；操作简单；环境结构化；容错空间大,False,False
177,巡检监测-活性炭活化炉-高温粉尘区,PatrolMonitoring-ActivatedCarbonFurnace-HighTempDusty,25-252-2529,石油、煤炭及其他燃料加工业,活化,4.0,0.75,5,3,4,2,4,5,5,用工痛点突出；超人价值高；操作简单；环境结构化；容错空间大,False,False
178,巡检监测-生物质发酵罐区-密闭有机气体,PatrolMonitoring-BiomassFermenterZone-EnclosedOrganicGas,25-254-2541,石油、煤炭及其他燃料加工业,发酵/热解,4.0,0.75,4,4,4,2,4,5,5,用工痛点突出；规模潜力大；超人价值高；操作简单；环境结构化；容错空间大,False,False
179,巡检记录-生物基发酵罐-无菌环境,Inspection-BioBioReactor-SterileEnvironment,28-00-2831,化学纤维制造业,发酵培养,4.0,0.75,4,3,5,1,4,4,5,用工痛点突出；超人价值高；操作简单；环境结构化；容错空间大,False,False
180,巡检监测-加热炉区域-高温烟气环境,Inspection-ReheatingFurnaceArea-HighTempFumes,31-313-3130,黑色金属冶炼和压延加工业,加热炉加热,4.0,0.75,4,4,4,2,4,5,5,用工痛点突出；规模潜力大；超人价值高；操作简单；环境结构化；容错空间大,False,False
181,巡检监测-矿热炉区域-高温烟尘强辐射,Inspection-SubmergedArcFurnaceArea-HighTempDustRadiation,31-314-3140,黑色金属冶炼和压延加工业,矿热炉熔炼,4.0,0.75,5,3,4,2,4,5,5,用工痛点突出；超人价值高；操作简单；环境结构化；容错空间大,True,True
182,电解液取样-电解槽-腐蚀性液体,ElectrolyteSampling-ElectrolyticCell-CorrosiveLiquid,32-321-00,有色金属冶炼和压延加工业,精炼,4.0,0.75,4,4,4,2,4,5,5,用工痛点突出；规模潜力大；超人价值高；操作简单；环境结构化；容错空间大,False,False
183,巡检监测-油气管道-管廊阀室,Inspection-OilGasPipeline-PipeRackValveRoom,11-112-1120,开采专业及辅助性活动,油气集输,4.0,0.75,3,5,4,1,3,5,5,规模潜力大；超人价值高；操作简单；容错空间大,False,False
184,设备巡检-生产车间-多点读数,EquipmentInspection-Workshop-MultiPointReading,14-00-00,食品制造业,热处理,4.0,0.75,2,5,5,1,3,5,5,规模潜力大；超人价值高；操作简单；容错空间大,False,False
185,电炉巡检-工业电炉-高温区监测,FurnaceInspection-IndustrialFurnace-HighTempZone,34-346-3461,通用设备制造业,调试,4.0,0.75,5,3,4,2,4,5,5,用工痛点突出；超人价值高；操作简单；环境结构化；容错空间大,False,False
186,巡检读数-矿山机械试验台-多参数采集,Inspection-MiningMachineTestBench-MultiParameter,35-351-3511,专用设备制造业,总装调试,4.0,0.75,3,4,5,2,4,5,5,规模潜力大；超人价值高；操作简单；环境结构化；容错空间大,False,False
187,巡检记录-铁路专用设备场站-多区域移动巡检,InspectionPatrol-RailEquipmentYard-MultiZoneMobile,37-371-3716,铁路、船舶、航空航天和其他运输设备制造业,运营维护,4.0,0.75,3,5,4,1,3,5,5,规模潜力大；超人价值高；操作简单；容错空间大,False,False
188,巡检读数-电子厂设备仪表-固定路线多点位,InspectionReading-FactoryEquipmentGauges-FixedRouteMultiPoint,39-00-00,计算机、通信和其他电子设备制造业,功能测试,4.0,0.75,3,5,4,1,3,5,5,规模潜力大；超人价值高；操作简单；容错空间大,True,False
189,通用巡检-生产车间-日杂制造,GeneralInspection-ProductionWorkshop-MiscManufacturing,41-419-4190,其他制造业,质检,4.0,0.75,3,5,4,1,3,5,5,规模潜力大；超人价值高；操作简单；容错空间大,False,False
190,面料检验标记-验布机-疵点识别,FabricInspection-InspectionMachine-DefectMarking,18-00-00,纺织服装、服饰业,面料检验,4.0,1.0,4,3,5,2,5,4,4,用工痛点突出；超人价值高；操作简单；环境结构化；容错空间大,True,True
191,搬运投料-鞣制转鼓-化学品环境,MaterialFeeding-TanningDrum-ChemicalEnvironment,19-191-1910,皮革、毛皮、羽毛及其制品和制鞋业,鞣制,4.0,1.0,5,3,4,2,4,4,5,用工痛点突出；超人价值高；操作简单；环境结构化；容错空间大,False,False
192,搬运码垛-文具成品箱-标准纸箱,Palletizing-StationeryCartons-StandardBox,24-241-2419,文教、工美、体育和娱乐用品制造业,搬运码垛,4.0,1.0,4,5,3,1,4,4,4,用工痛点突出；规模潜力大；操作简单；环境结构化；容错空间大,False,False
193,功能测试-电玩具-开关声光,FunctionTest-ElectricToy-SwitchLightSound,24-245-2451,文教、工美、体育和娱乐用品制造业,功能测试,4.0,1.0,3,5,4,2,5,5,3,规模潜力大；超人价值高；操作简单；环境结构化；容错空间大,False,False
194,消防巡检-石化厂区-全天候覆盖,FirePatrol-PetrochemPlant-AllWeatherCoverage,25-251-2511,石油、煤炭及其他燃料加工业,储存,4.0,1.0,3,5,4,2,3,5,5,规模潜力大；超人价值高；操作简单；容错空间大,False,False
195,巡检监测-储煤场-自燃预警,Inspection-CoalStockyard-SpontaneousCombustionMonitoring,6-61-610,煤炭开采和洗选业,仓储堆存,4.0,1.0,3,4,5,1,2,5,5,规模潜力大；超人价值高；操作简单；容错空间大,False,False
196,加注润滑-设备集中注油-多点定期,Lubrication-EquipmentOilInjection-MultiPointScheduled,8-00-00,黑色金属矿采选业,磨矿分级,4.0,1.0,3,5,4,2,4,4,5,规模潜力大；超人价值高；操作简单；环境结构化；容错空间大,True,True
197,巡检监测-井下水泵房-无人值守区域,Inspection-UndergroundPumpStation-UnmannedArea,8-81-810,黑色金属矿采选业,井巷开拓,4.0,1.0,4,3,5,2,4,4,5,用工痛点突出；超人价值高；操作简单；环境结构化；容错空间大,False,False
198,粉尘检测-石棉矿区-致癌粉尘环境,DustMonitoring-AsbestosMineArea-CarcinogenicDust,10-00-1091,非金属矿采选业,采掘装载,4.0,1.0,5,3,4,2,3,5,5,用工痛点突出；超人价值高；操作简单；容错空间大,True,True
199,巡检监测-井下水泵房-设备运行,Inspection-UndergroundPumpStation-EquipmentOperation,11-111-1110,开采专业及辅助性活动,设备维护检修,4.0,1.0,4,3,5,2,4,4,5,用工痛点突出；超人价值高；操作简单；环境结构化；容错空间大,False,False
200,巡检监测-油气储罐区-防爆要求,Inspection-OilGasTankFarm-ExplosionProof,11-112-1120,开采专业及辅助性活动,储运设施管理,4.0,1.0,4,4,4,2,4,4,5,用工痛点突出；规模潜力大；超人价值高；操作简单；环境结构化；容错空间大,False,False
201,成品抽检搬运-质检室-跨区转运,SampleTransport-QCLab-CrossAreaTransfer,15-152-00,酒、饮料和精制茶制造业,质检,4.0,1.0,3,5,4,1,3,4,5,规模潜力大；超人价值高；操作简单；容错空间大,False,False
202,洗瓶机监控-灌装线前端-在线巡视,BottleWasherMonitoring-FillingLineInlet-InlineInspection,15-151-00,酒、饮料和精制茶制造业,灌装,4.0,1.0,4,4,4,2,4,4,5,用工痛点突出；规模潜力大；超人价值高；操作简单；环境结构化；容错空间大,False,False
203,质检记录-金属制品通用-多工位巡检,QualityRecording-MetalProducts-MultiStationPatrol,33-00-00,金属制品业,质检记录,4.0,1.0,2,5,5,2,3,5,5,规模潜力大；超人价值高；操作简单；容错空间大,False,False
204,焊缝巡检-锅炉内壁-受限空间,WeldInspection-BoilerInterior-ConfinedSpace,34-341-3411,通用设备制造业,检测,4.0,1.0,5,3,4,3,4,5,5,用工痛点突出；超人价值高；环境结构化；容错空间大,False,False
205,电缆检测-成品抽检-多项目切换,CableTest-SamplingInspection-MultiItemSwitch,38-383-3831,电气机械和器材制造业,成缆检测,4.0,1.0,3,4,5,3,4,5,5,规模潜力大；超人价值高；环境结构化；容错空间大,False,False
206,老化测试-照明灯具-批量监控,BurnInTest-Luminaire-BatchMonitoring,38-387-3872,电气机械和器材制造业,老化测试,4.0,1.0,3,5,4,2,4,4,5,规模潜力大；超人价值高；操作简单；环境结构化；容错空间大,False,False
207,老化测试-电源模块-长时间监控上下架,BurnInTest-PowerModule-LongTermMonitorRacking,39-00-3915,计算机、通信和其他电子设备制造业,老化测试,4.0,1.0,4,4,4,2,4,4,5,用工痛点突出；规模潜力大；超人价值高；操作简单；环境结构化；容错空间大,False,False
208,衡器砝码加载-称重校准-重复标定,WeightLoading-ScaleCalibration-RepetitiveStandardization,40-405-4050,仪器仪表制造业,校准调试,4.0,1.0,3,4,5,3,5,4,5,规模潜力大；超人价值高；环境结构化；容错空间大,True,False
209,试验机加载-力学测试-样品装夹,TestMachineLoading-MechanicalTest-SpecimenClamping,40-401-4015,仪器仪表制造业,检测测试,4.0,1.0,3,4,5,3,5,4,5,规模潜力大；超人价值高；环境结构化；容错空间大,False,False
210,辐射测试-核辐射仪器-危险环境操作,RadiationTest-NuclearRadiationInstruments-HazardousOperation,40-402-4027,仪器仪表制造业,检测测试,4.0,1.0,5,2,5,3,5,4,5,用工痛点突出；超人价值高；环境结构化；容错空间大,False,False
211,蒙皮检测-航空器外表面-无损探伤,SkinInspection-AircraftExterior-NDT,43-00-4343,金属制品、机械和设备修理业,结构检测,4.0,1.0,4,3,5,3,4,5,5,用工痛点突出；超人价值高；环境结构化；容错空间大,False,False
212,生物质燃料巡检-生物质电厂储料区-粉尘爆炸自燃风险,BiomassStorageInspection-BiomassPowerPlant-DustExplosionSpontaneousCombustion,44-441-4417,电力、热力生产和供应业,储料巡检,4.0,1.0,5,3,4,1,3,4,5,用工痛点突出；超人价值高；操作简单；容错空间大,False,False
213,脱硫塔巡检-火电厂环保设备-腐蚀性气体环境,FGDTowerInspection-PowerPlantEnvironmental-CorrosiveGasEnvironment,44-441-4411,电力、热力生产和供应业,烟气脱硫,4.0,1.0,4,4,4,2,3,5,5,用工痛点突出；规模潜力大；超人价值高；操作简单；容错空间大,False,False
214,搬运码垛-人造板成品-重载大尺寸,Palletizing-ParticleBoardFinished-HeavyLargeSize,20-202-2023,木材加工和木、竹、藤、棕、草制品业,检测包装,4.0,1.25,4,5,3,2,4,4,4,用工痛点突出；规模潜力大；操作简单；环境结构化；容错空间大,False,False
215,功能测试-圆珠笔出墨-连续划线检测,FunctionTest-BallpenInk-ContinuousLineCheck,24-241-2412,文教、工美、体育和娱乐用品制造业,功能测试,4.0,1.25,3,5,4,2,4,5,3,规模潜力大；超人价值高；操作简单；环境结构化；容错空间大,False,False
216,搬运码垛-玩具成品箱-高速分拣,Palletizing-ToyCartons-HighSpeedSorting,24-245-2459,文教、工美、体育和娱乐用品制造业,搬运码垛,4.0,1.25,4,5,3,1,4,4,3,用工痛点突出；规模潜力大；操作简单；环境结构化；容错空间大,False,False
217,码垛搬运-袋装肥料-50kg重载,Palletizing-FertilizerBags-50kgHeavy,26-262-00,化学原料和化学制品制造业,包装,4.0,1.25,4,5,3,2,5,4,3,用工痛点突出；规模潜力大；操作简单；环境结构化；容错空间大,False,False
218,造粒包装-塑料粒子-25kg袋装,Pelletizing-PlasticGranules-25kgBag,26-00-2651,化学原料和化学制品制造业,包装,4.0,1.25,4,5,3,2,5,4,3,用工痛点突出；规模潜力大；操作简单；环境结构化；容错空间大,False,False
219,管道检漏-腐蚀性介质-定期超声,PipelineInspection-CorrosiveMedia-UltrasonicNDT,26-00-00,化学原料和化学制品制造业,中间储存,4.0,1.25,4,4,4,3,4,4,5,用工痛点突出；规模潜力大；超人价值高；环境结构化；容错空间大,False,False
220,辅料包装-药用淀粉-袋装码垛,ExcipientPackaging-PharmStarch-BagPalletizing,27-278-2780,医药制造业,包装,4.0,1.25,4,5,3,2,4,4,4,用工痛点突出；规模潜力大；操作简单；环境结构化；容错空间大,False,False
221,取样检测-聚合熔体-高温在线,Sampling-PolymerMelt-HighTemperatureOnline,28-282-00,化学纤维制造业,聚合反应,4.0,1.25,5,3,4,3,4,4,5,用工痛点突出；超人价值高；环境结构化；容错空间大,False,False
222,巡检监控-牵伸热辊-高温区域,Inspection-DrawingHotRollers-HighTempZone,28-282-00,化学纤维制造业,牵伸定型,4.0,1.25,4,4,4,2,4,3,5,用工痛点突出；规模潜力大；超人价值高；操作简单；环境结构化,False,False
223,监控处理-溶剂回收系统-有毒环境,MonitoringMaintenance-SolventRecovery-ToxicEnvironment,28-00-2812,化学纤维制造业,溶剂回收,4.0,1.25,5,2,5,2,4,3,5,用工痛点突出；超人价值高；操作简单；环境结构化,False,False
224,搬运码垛-保温板材-轻质大尺寸,Palletizing-InsulationBoard-LightLarge,30-303-3034,非金属矿物制品业,码垛,4.0,1.25,4,4,4,2,4,4,4,用工痛点突出；规模潜力大；超人价值高；操作简单；环境结构化；容错空间大,False,False
225,熔炼炉内衬检查-检修期-高温密闭,FurnaceLiningInspection-MaintenancePeriod-HighTempEnclosed,32-321-00,有色金属冶炼和压延加工业,熔炼,4.0,1.25,5,3,4,3,4,4,5,用工痛点突出；超人价值高；环境结构化；容错空间大,False,False
226,成品打标-包装线-追溯标识,ProductMarking-PackagingLine-TraceabilityLabeling,32-325-00,有色金属冶炼和压延加工业,包装,4.0,1.25,3,5,4,2,5,4,3,规模潜力大；超人价值高；操作简单；环境结构化；容错空间大,False,False
227,巡检监测-洗选车间-多设备巡回,Inspection-CoalWashingPlant-MultiEquipmentPatrol,6-61-610,煤炭开采和洗选业,洗选加工,4.0,1.25,3,4,5,2,3,4,5,规模潜力大；超人价值高；操作简单；容错空间大,False,False
228,压缩机巡检-天然气处理站-振动温度监测,CompressorInspection-NaturalGasProcessingStation-VibrationTemperatureMonitoring,7-72-00,石油和天然气开采业,设备维护,4.0,1.25,3,4,5,3,4,4,5,规模潜力大；超人价值高；环境结构化；容错空间大,False,False
229,防喷器操作-井控设备-应急开关测试,BOPOperation-WellControlEquipment-EmergencySwitchingTest,7-71-00,石油和天然气开采业,钻井作业,4.0,1.25,4,4,4,3,4,4,5,用工痛点突出；规模潜力大；超人价值高；环境结构化；容错空间大,False,False
230,阴极保护检测-埋地管道-电位测量记录,CathodicProtectionInspection-BuriedPipeline-PotentialMeasurementRecording,7-71-00,石油和天然气开采业,设备维护,4.0,1.25,3,5,4,2,2,5,5,规模潜力大；超人价值高；操作简单；容错空间大,False,False
231,装车监督-矿区装载点-车辆装载计量,LoadingSupervision-MineLoadingPoint-VehicleWeighing,10-00-00,非金属矿采选业,提升出井,4.0,1.25,3,5,4,2,4,4,4,规模潜力大；超人价值高；操作简单；环境结构化；容错空间大,False,False
232,巡检监测-井下通风系统-风门风窗,Inspection-UndergroundVentilation-AirDoorsWindows,11-111-1110,开采专业及辅助性活动,通风除尘维护,4.0,1.25,4,4,4,2,3,4,5,用工痛点突出；规模潜力大；超人价值高；操作简单；容错空间大,False,False
233,巡检监测-洗煤厂重介车间-设备粉尘环境,Inspection-CoalWashingPlantHeavyMedia-DustyEnvironment,11-111-1110,开采专业及辅助性活动,洗选加工,4.0,1.25,4,4,4,2,3,4,5,用工痛点突出；规模潜力大；超人价值高；操作简单；容错空间大,False,False
234,标签贴附检测-贴标机下游-位置偏移检查,LabelInspection-PostLabeler-PositionCheck,15-152-00,酒、饮料和精制茶制造业,贴标,4.0,1.25,3,5,4,1,5,4,2,规模潜力大；超人价值高；操作简单；环境结构化；容错空间大,False,False
235,气密检测-金属压力容器-充压保压,LeakTesting-PressureVessel-PressureHold,33-333-3332,金属制品业,气密检测,4.0,1.25,4,3,5,3,4,4,5,用工痛点突出；超人价值高；环境结构化；容错空间大,False,False
236,压缩机性能测试-活塞压缩机-全工况运行,CompressorPerformanceTest-PistonCompressor-FullCondition,34-344-3442,通用设备制造业,性能测试,4.0,1.25,4,4,4,3,4,5,4,用工痛点突出；规模潜力大；超人价值高；环境结构化；容错空间大,False,False
237,热处理上下料-齿轮渗碳-高温炉前,HeatTreatLoadUnload-GearCarburizing-HighTempFurnace,34-345-3453,通用设备制造业,热处理,4.0,1.25,5,4,3,2,4,4,4,用工痛点突出；规模潜力大；操作简单；环境结构化；容错空间大,False,False
238,钢丝绳检测-起重机-磨损断丝检查,WireRopeInspection-Crane-WearFrayCheck,34-343-3432,通用设备制造业,载荷试验,4.0,1.25,5,3,4,3,3,5,5,用工痛点突出；超人价值高；容错空间大,False,False
239,阀门试压-截止阀-逐件检漏,PressureTesting-GateValve-LeakDetection,34-344-3443,通用设备制造业,试压检漏,4.0,1.25,4,4,4,3,4,5,4,用工痛点突出；规模潜力大；超人价值高；环境结构化；容错空间大,False,False
240,密封测试-液压气动系统-多接口检漏,SealTest-HydraulicPneumaticSystem-MultiPortLeakCheck,35-00-00,专用设备制造业,密封测试,4.0,1.25,3,5,4,2,3,5,4,规模潜力大；超人价值高；操作简单；容错空间大,False,False
241,成品搬运码垛-电气产品-重载堆叠,FinishedPalletizing-ElectricalProduct-HeavyStacking,38-389-3899,电气机械和器材制造业,搬运码垛,4.0,1.25,4,5,3,2,4,4,4,用工痛点突出；规模潜力大；操作简单；环境结构化；容错空间大,False,False
242,PCB组件上下料-SMT产线-托盘搬运,PCBLoadingUnloading-SMTLine-TrayHandling,40-401-4011,仪器仪表制造业,元器件组装,4.0,1.25,3,5,4,2,5,4,3,规模潜力大；超人价值高；操作简单；环境结构化；容错空间大,False,False
243,光学元件清洁-镜片镀膜前-洁净室操作,OpticalComponentCleaning-PreCoatingLens-CleanroomOperation,40-404-4040,仪器仪表制造业,清洗,4.0,1.25,4,3,5,3,5,4,4,用工痛点突出；超人价值高；环境结构化；容错空间大,False,False
244,功能测试-电工仪表-按键旋钮操作,FunctionalTest-ElectricalInstruments-ButtonKnobOperation,40-401-4012,仪器仪表制造业,检测测试,4.0,1.25,3,4,5,3,5,4,4,规模潜力大；超人价值高；环境结构化；容错空间大,False,False
245,搬运卸载-辐照完成托盘-辐射残留区,Unloading-IrradiatedPallets-ResidualRadiationZone,41-412-4120,其他制造业,物料卸载,4.0,1.25,5,2,5,2,4,3,5,用工痛点突出；超人价值高；操作简单；环境结构化,False,False
246,搬运装载-辐照物料托盘-辐射屏蔽区,Loading-IrradiationMaterialPallets-RadiationShieldedZone,41-412-4120,其他制造业,物料装载,4.0,1.25,5,2,5,2,4,3,5,用工痛点突出；超人价值高；操作简单；环境结构化,False,False
247,分拣分类-废玻璃-按颜色材质分选,Sorting-GlassWaste-ByColorAndType,42-422-4220,废弃资源综合利用业,人工分拣,4.0,1.25,4,4,4,2,3,5,4,用工痛点突出；规模潜力大；超人价值高；操作简单；容错空间大,True,True
248,高压检修-电气设备-带电作业区,HighVoltageMaintenance-ElectricalEquipment-LiveZone,43-435-4350,金属制品、机械和设备修理业,绝缘测试,4.0,1.25,5,3,4,3,4,4,5,用工痛点突出；超人价值高；环境结构化；容错空间大,False,False
249,药剂搬运码垛-加药间仓储区-25kg重载高频,ChemicalPalletizing-DosingRoomStorage-25kgHighFrequency,46-00-00,水的生产和供应业,仓储堆垛,4.0,1.25,4,5,3,2,4,4,4,用工痛点突出；规模潜力大；操作简单；环境结构化；容错空间大,False,False
250,外观检测-成品小盒-多面翻转,VisualInspection-CigarettePack-MultiSide,16-162-1620,烟草制品业,成品检测,4.0,1.5,4,4,4,3,4,4,4,用工痛点突出；规模潜力大；超人价值高；环境结构化；容错空间大,False,False
251,操作监控-湿整理转鼓-有毒环境,DrumOperation-WetFinishing-ToxicEnvironment,19-191-1910,皮革、毛皮、羽毛及其制品和制鞋业,复鞣染色,4.0,1.5,4,3,5,3,4,3,5,用工痛点突出；超人价值高；环境结构化,False,False
252,注塑取件-塑料鞋生产-高温环境,InjectionUnloading-PlasticShoe-HighTemp,19-00-1953,皮革、毛皮、羽毛及其制品和制鞋业,注塑成型,4.0,1.5,4,5,3,2,5,4,2,用工痛点突出；规模潜力大；操作简单；环境结构化；容错空间大,False,False
253,质检抽样-油品储罐-多层取样口,QualitySampling-OilTank-MultiLevelPorts,25-251-2511,石油、煤炭及其他燃料加工业,储存,4.0,1.5,4,4,4,3,4,4,4,用工痛点突出；规模潜力大；超人价值高；环境结构化；容错空间大,False,False
254,西林瓶轧盖-冻干制剂-全压塞封口,VialCapping-LyophilizedFormulation-FullStopperSealing,27-276-00,医药制造业,冻干封口,4.0,1.5,4,3,5,2,5,2,4,用工痛点突出；超人价值高；操作简单；环境结构化,False,False
255,打包封箱-成品丝饼-自动称重,PackingSealing-FinishedYarnPackage-AutoWeighing,28-282-00,化学纤维制造业,包装出库,4.0,1.5,3,5,4,2,4,4,3,规模潜力大；超人价值高；操作简单；环境结构化；容错空间大,False,False
256,搬运码垛-成品轮胎-重载异形,Palletizing-FinishedTire-HeavyIrregular,29-00-2911,橡胶和塑料制品业,包装,4.0,1.5,4,5,3,2,4,4,3,用工痛点突出；规模潜力大；操作简单；环境结构化；容错空间大,False,False
257,取件码垛-注塑制品-高频循环,PartRemoval-InjectionMolding-HighCycle,29-292-00,橡胶和塑料制品业,脱模取件,4.0,1.5,3,5,4,2,5,4,2,规模潜力大；超人价值高；操作简单；环境结构化；容错空间大,True,True
258,搬运码垛-混凝土砌块-重型建材,Palletizing-ConcreteBlock-HeavyMaterial,30-302-3021,非金属矿物制品业,码垛,4.0,1.5,4,5,3,2,4,4,3,用工痛点突出；规模潜力大；操作简单；环境结构化；容错空间大,False,False
259,外观检测-石材板面-多缺陷识别,Inspection-StoneSurface-MultiDefect,30-303-3032,非金属矿物制品业,检测分级,4.0,1.5,3,4,5,2,4,4,3,规模潜力大；超人价值高；操作简单；环境结构化；容错空间大,False,False
260,外观检测-平板玻璃-缺陷分选,Inspection-FlatGlass-DefectSorting,30-304-3041,非金属矿物制品业,检测,4.0,1.5,3,4,5,2,4,4,3,规模潜力大；超人价值高；操作简单；环境结构化；容错空间大,False,False
261,搬运码垛-耐火砖-高温出窑,Palletizing-Firebrick-HotFromKiln,30-308-3089,非金属矿物制品业,检验,4.0,1.5,4,4,4,2,3,4,4,用工痛点突出；规模潜力大；超人价值高；操作简单；容错空间大,False,False
262,出铁口监控-铁水出炉过程-1500℃高温辐射,Monitoring-TappingProcess-1500CHighTemp,31-311-3110,黑色金属冶炼和压延加工业,出铁作业,4.0,1.5,5,3,4,2,4,3,4,用工痛点突出；超人价值高；操作简单；环境结构化,False,False
263,炉前取样-铁水成分检测-高温危险作业,Sampling-HotMetalComposition-HighTempHazard,31-311-3110,黑色金属冶炼和压延加工业,出铁作业,4.0,1.5,5,3,4,3,4,4,4,用工痛点突出；超人价值高；环境结构化；容错空间大,False,False
264,合金取样-熔炼成分检测-极高温危险作业,Sampling-AlloyComposition-ExtremeHighTempHazard,31-314-3140,黑色金属冶炼和压延加工业,出合金作业,4.0,1.5,5,3,4,3,4,4,4,用工痛点突出；超人价值高；环境结构化；容错空间大,False,False
265,扒渣作业-熔炼炉-高温熔渣清除,SlagRemoval-SmeltingFurnace-MoltenSlagClearing,32-321-00,有色金属冶炼和压延加工业,熔炼,4.0,1.5,5,4,3,3,4,4,4,用工痛点突出；规模潜力大；环境结构化；容错空间大,False,False
266,炉渣运输-熔炼车间-高温重载,SlagTransport-SmeltingWorkshop-HighTempHeavyLoad,32-321-00,有色金属冶炼和压延加工业,熔炼,4.0,1.5,5,4,3,2,4,3,4,用工痛点突出；规模潜力大；操作简单；环境结构化,True,True
267,巡检监测-褐煤堆场-高自燃风险,Inspection-LigniteStockyard-HighSpontaneousCombustionRisk,6-62-620,煤炭开采和洗选业,仓储堆存,4.0,1.5,4,3,5,1,2,4,4,用工痛点突出；超人价值高；操作简单；容错空间大,False,False
268,搬运配送-井下物料-狭窄巷道,MaterialHandling-UndergroundSupplies-NarrowTunnel,6-61-610,煤炭开采和洗选业,采掘作业,4.0,1.5,4,5,3,2,3,4,4,用工痛点突出；规模潜力大；操作简单；容错空间大,False,False
269,采样检测-原煤煤质-定点取样,Sampling-RawCoalQuality-FixedPointCollection,6-61-610,煤炭开采和洗选业,洗选加工,4.0,1.5,4,4,4,3,4,4,4,用工痛点突出；规模潜力大；超人价值高；环境结构化；容错空间大,False,False
270,加药装置操作-油田化学剂-定量添加,ChemicalDosingOperation-OilfieldChemicals-QuantitativeAddition,7-71-00,石油和天然气开采业,油气处理,4.0,1.5,4,4,4,3,4,4,4,用工痛点突出；规模潜力大；超人价值高；环境结构化；容错空间大,False,False
271,设备润滑-井场机泵-定期加注黄油,EquipmentLubrication-WellsitePumps-PeriodicGreasing,7-71-00,石油和天然气开采业,设备维护,4.0,1.5,3,5,4,3,3,4,5,规模潜力大；超人价值高；容错空间大,False,False
272,搬运码垛-精矿包装码垛-重载标准件,Palletizing-ConcentratePackaging-HeavyStandardized,8-00-00,黑色金属矿采选业,成品储运,4.0,1.5,4,5,3,2,4,4,3,用工痛点突出；规模潜力大；操作简单；环境结构化；容错空间大,False,False
273,搬运配送-选矿药剂-有毒腐蚀性物料,HandlingDelivery-FlotationReagent-ToxicCorrosiveMaterial,9-91-00,有色金属矿采选业,选矿,4.0,1.5,5,4,3,2,4,3,4,用工痛点突出；规模潜力大；操作简单；环境结构化,False,False
274,矿仓放矿-破碎站进料-仓口开闭控制,OreBinDischarge-CrushingStationFeed-GateOpenCloseControl,10-00-00,非金属矿采选业,破碎筛分,4.0,1.5,4,4,4,3,4,4,4,用工痛点突出；规模潜力大；超人价值高；环境结构化；容错空间大,False,False
275,袋装码垛-?ite山包装区-重载搬运码垛,BagPalletizing-MinePackagingArea-HeavyLoadStacking,10-00-00,非金属矿采选业,堆存包装,4.0,1.5,4,5,3,2,4,4,3,用工痛点突出；规模潜力大；操作简单；环境结构化；容错空间大,False,False
276,巡检监测-尾矿库-坝体安全,Inspection-TailingsDam-SafetyMonitoring,11-119-1190,开采专业及辅助性活动,尾矿处理,4.0,1.5,4,4,4,1,2,3,5,用工痛点突出；规模潜力大；超人价值高；操作简单,True,True
277,原料投料-粉碎机料斗-粉尘环境,MaterialFeeding-CrusherHopper-DustyEnvironment,13-132-00,农副食品加工业,粉碎破碎,4.0,1.5,5,4,3,2,3,4,4,用工痛点突出；规模潜力大；操作简单；容错空间大,False,False
278,搬运码垛-袋装粮食-50kg重载,Palletizing-GrainBags-50kgHeavyLoad,13-131-00,农副食品加工业,成品码垛,4.0,1.5,4,5,3,2,4,4,3,用工痛点突出；规模潜力大；操作简单；环境结构化；容错空间大,False,False
279,搬运码垛-袋装饲料-40kg重载,Palletizing-FeedBags-40kgHeavyLoad,13-132-00,农副食品加工业,成品入库,4.0,1.5,4,5,3,2,4,4,3,用工痛点突出；规模潜力大；操作简单；环境结构化；容错空间大,False,False
280,成品码垛-箱装食品-多规格混码,Palletizing-CartonsFood-MixedSKU,14-00-00,食品制造业,成品码垛,4.0,1.5,3,5,4,2,4,4,3,规模潜力大；超人价值高；操作简单；环境结构化；容错空间大,False,False
281,搬运码垛-袋装原料-25kg重载,Palletizing-BaggedIngredients-25kg,14-00-00,食品制造业,原料入库,4.0,1.5,4,5,3,2,3,4,4,用工痛点突出；规模潜力大；操作简单；容错空间大,False,False
282,搬运码垛-成品酒箱-多规格混线,Palletizing-LiquorCartons-MultiSKU,15-151-00,酒、饮料和精制茶制造业,码垛,4.0,1.5,4,5,3,2,4,4,3,用工痛点突出；规模潜力大；操作简单；环境结构化；容错空间大,False,False
283,空瓶卸垛-包装线前端-周转箱拆解,EmptyBottleDepalletizing-PackagingInlet-CrateUnloading,15-152-00,酒、饮料和精制茶制造业,灌装,4.0,1.5,4,5,3,2,4,4,3,用工痛点突出；规模潜力大；操作简单；环境结构化；容错空间大,True,True
284,装箱封箱-成品包装线-多规格适应,CasePackingSealing-PackagingLine-MultiFormat,15-152-00,酒、饮料和精制茶制造业,装箱,4.0,1.5,4,5,3,2,4,4,3,用工痛点突出；规模潜力大；操作简单；环境结构化；容错空间大,False,False
285,取件码放-压铸件出模-高温重复,PartRemoval-DieCastingEjection-HighTempRepetitive,33-339-3392,金属制品业,取件冷却,4.0,1.5,4,5,3,2,5,4,2,用工痛点突出；规模潜力大；操作简单；环境结构化；容错空间大,False,False
286,外观检测-不锈钢餐具-多面翻转,VisualInspection-StainlessCutlery-MultiSideTurning,33-338-3382,金属制品业,外观检测,4.0,1.5,3,4,5,3,4,5,3,规模潜力大；超人价值高；环境结构化；容错空间大,True,True
287,叉车液压测试-电动叉车-管路试压,ForkliftHydraulicTest-ElectricForklift-PipelinePressure,34-343-3433,通用设备制造业,液压调试,4.0,1.5,4,4,4,3,4,4,4,用工痛点突出；规模潜力大；超人价值高；环境结构化；容错空间大,True,False
288,增材设备粉末更换-金属3D打印-粉仓清理,AMEquipmentPowderChange-Metal3DPrint-ChamberCleaning,34-349-3493,通用设备制造业,设备准备,4.0,1.5,5,3,4,3,4,4,4,用工痛点突出；超人价值高；环境结构化；容错空间大,False,False
289,清洁消毒-制药设备部件-GMP洁净区,CleaningDisinfection-PharmaMachineParts-GMPCleanroom,35-354-3544,专用设备制造业,清洗,4.0,1.5,4,3,5,3,4,4,4,用工痛点突出；超人价值高；环境结构化；容错空间大,False,False
290,检测调试-摩托车整车下线-多项功能检测,FinalInspection-MotorcycleOffLine-MultiFunctionTest,37-375-3751,铁路、船舶、航空航天和其他运输设备制造业,检测,4.0,1.5,3,5,4,2,4,4,3,规模潜力大；超人价值高；操作简单；环境结构化；容错空间大,False,False
291,外观检测-家电成品-多面翻转,AppearanceInspection-HomeApplianceFinished-MultiFaceFlip,38-385-3859,电气机械和器材制造业,外观检查,4.0,1.5,3,5,4,2,4,4,3,规模潜力大；超人价值高；操作简单；环境结构化；容错空间大,False,False
292,开关装配-低压配电柜-多规格切换,SwitchAssembly-LVSwitchgear-MultiSpecSwitch,38-382-3823,电气机械和器材制造业,元器件安装,4.0,1.5,3,5,4,3,4,4,4,规模潜力大；超人价值高；环境结构化；容错空间大,False,False
293,包装装箱-消费电子产品-多配件组合,Packaging-ConsumerElectronics-MultiAccessoryKitting,39-00-3922,计算机、通信和其他电子设备制造业,包装,4.0,1.5,3,5,4,2,4,4,3,规模潜力大；超人价值高；操作简单；环境结构化；容错空间大,False,False
294,搬运配送-SMT物料卷盘-跨楼层多线体,MaterialDelivery-SMTReels-MultiFloorMultiLine,39-00-00,计算机、通信和其他电子设备制造业,SMT贴片,4.0,1.5,3,5,4,2,3,4,4,规模潜力大；超人价值高；操作简单；容错空间大,False,False
295,元器件分拣-入库前-多规格分类,ComponentSorting-PreStorage-MultiSpecClassification,40-00-00,仪器仪表制造业,原料入库,4.0,1.5,3,5,4,2,4,4,3,规模潜力大；超人价值高；操作简单；环境结构化；容错空间大,False,False
296,包装封箱-精密仪器-防震材料填充,PackagingSealing-PrecisionInstruments-ShockproofFilling,40-00-00,仪器仪表制造业,包装入库,4.0,1.5,3,5,4,2,4,4,3,规模潜力大；超人价值高；操作简单；环境结构化；容错空间大,False,False
297,物料配送-生产车间-多工位循环,MaterialDelivery-ProductionWorkshop-MultiStationCycling,40-00-00,仪器仪表制造业,元器件组装,4.0,1.5,3,5,4,2,3,4,4,规模潜力大；超人价值高；操作简单；容错空间大,False,False
298,分拣分类-混合废金属-磁性非磁性分离,Sorting-MixedScrapMetal-MagneticSeparation,42-421-4210,废弃资源综合利用业,预分类,4.0,1.5,3,5,4,2,3,5,3,规模潜力大；超人价值高；操作简单；容错空间大,False,False
299,搬运装卸-危废容器-密闭转运,Handling-HazardousWasteContainer-SealedTransfer,42-421-4210,废弃资源综合利用业,危废处置,4.0,1.5,5,3,4,2,4,2,5,用工痛点突出；超人价值高；操作简单；环境结构化,False,False
300,外板喷涂-船舶船体-高空悬挂作业,HullPainting-ShipExterior-SuspendedHighAltitude,43-00-4342,金属制品、机械和设备修理业,涂装防腐,4.0,1.5,5,3,4,3,3,4,5,用工痛点突出；超人价值高；容错空间大,False,False
301,管路试压-液压系统-高压泄漏检测,PipelinePressureTest-HydraulicSystem-HighPressureLeakDetection,43-433-4330,金属制品、机械和设备修理业,试压检漏,4.0,1.5,5,3,4,3,4,3,5,用工痛点突出；超人价值高；环境结构化,False,False
302,电力计量表校验-电力供应计量系统-重复性精密操作,ElectricMeterCalibration-PowerSupplyMetering-RepetitivePrecisionOperation,44-442-4420,电力、热力生产和供应业,计量表校验,4.0,1.5,3,5,4,3,5,4,3,规模潜力大；超人价值高；环境结构化；容错空间大,False,False
303,管道内检-燃气管道-密闭空间作业,PipelineInternalInspection-GasPipe-ConfinedSpaceWork,45-451-00,燃气生产和供应业,管网输配,4.0,1.5,5,3,4,3,3,4,5,用工痛点突出；超人价值高；容错空间大,False,False
304,阀门操作-调压站手轮阀-定期维护,ValveOperation-RegulatorStationHandwheel-PeriodicMaintenance,45-00-4511,燃气生产和供应业,调压站,4.0,1.5,3,5,4,3,4,3,5,规模潜力大；超人价值高；环境结构化,True,True
