taxonomy_version,l1_id,l1_name_zh,l1_name_en,l1_description,l1_boundary,l2_id,l2_name_zh,l2_name_en,l2_description,l2_boundary_rule,control_type,typical_body_parts,industrial_examples,l3_naming_pattern
1.0,L1-01,全身位移,Whole-body Locomotion,以整体重心在空间中的平移为核心特征的运动模式。通过下肢周期性步态或全身协调运动，使机器人从一个位置移动到另一个位置。该类动作的核心物理量是机器人整体质心的空间位移矢量。,判定归属L1-01的核心标准：动作执行期间机器人的支撑基底（双脚接触地面的凸包区域）发生了空间平移。若机器人双脚不离开当前支撑位置，仅改变身体构型（如弯腰、转体），则归入L1-02。若上肢在执行操作但身体未发生整体位移，即使存在小幅重心偏移也不归入本类。,L2-01-01,平地直行,Level Surface Straight Walking,在水平、平坦、无障碍的地面上进行的匀速或变速直线行走。这是最基础的位移运动，步态周期规则，不涉及方向突变或地形适应。,与L2-01-02的区别：行进方向变化角度≤15°视为直行，>15°归入变向行走。与L2-01-04的区别：地面坡度≤3°视为平地，>3°归入斜面行走。,位置控制/速度控制,全身/腿部,沿产线通道从A工位步行至B工位；在仓库货架间的直行通道中移动；沿车间主通道巡检行走,[行走]-[地面类型]-[速度约束]，示例：行走-环氧地坪-匀速
1.0,L1-01,全身位移,Whole-body Locomotion,以整体重心在空间中的平移为核心特征的运动模式。通过下肢周期性步态或全身协调运动，使机器人从一个位置移动到另一个位置。该类动作的核心物理量是机器人整体质心的空间位移矢量。,判定归属L1-01的核心标准：动作执行期间机器人的支撑基底（双脚接触地面的凸包区域）发生了空间平移。若机器人双脚不离开当前支撑位置，仅改变身体构型（如弯腰、转体），则归入L1-02。若上肢在执行操作但身体未发生整体位移，即使存在小幅重心偏移也不归入本类。,L2-01-02,变向转弯行走,Directional Change Walking,在行进过程中改变运动方向的步态运动，包括转弯、侧移、后退行走等。步态周期需要动态调整以适应方向变化，涉及左右腿的不对称步幅控制。,与L2-01-01的区别：行进方向变化>15°。与L2-01-06的区别：变向行走发生在开阔空间中，狭窄通行特指空间受限（通道宽度<机器人肩宽1.5倍）的情况。原地旋转不属于本L2，归入L1-02躯干旋转。,位置控制/速度控制,全身/腿部,在L型通道拐角处转弯行走；在工位之间横向侧移步行；到达目标点前调整朝向的弧线行走,[转向行走]-[转向角度范围]-[步态类型]，示例：转向行走-90度弯道-连续步态
1.0,L1-01,全身位移,Whole-body Locomotion,以整体重心在空间中的平移为核心特征的运动模式。通过下肢周期性步态或全身协调运动，使机器人从一个位置移动到另一个位置。该类动作的核心物理量是机器人整体质心的空间位移矢量。,判定归属L1-01的核心标准：动作执行期间机器人的支撑基底（双脚接触地面的凸包区域）发生了空间平移。若机器人双脚不离开当前支撑位置，仅改变身体构型（如弯腰、转体），则归入L1-02。若上肢在执行操作但身体未发生整体位移，即使存在小幅重心偏移也不归入本类。,L2-01-03,梯阶升降,Stair and Step Traversal,在有明确高度落差的台阶、楼梯、登车踏板等垂直结构上进行的升降运动。步态从周期性平面运动变为包含显著垂直分量的三维步态，需要精确的落脚点规划和重心垂直转移控制。,与L2-01-04的区别：梯阶具有离散的水平台面和垂直立面，坡度不连续；斜面行走的坡面连续光滑。与L2-01-05的区别：梯阶是标准化的人工结构，障碍跨越针对不规则的临时障碍物。,力-位混合控制/视觉伺服,全身/腿部,从车间一楼上楼梯到二层设备平台；登上数控机床的操作平台踏步；走下物流卸货区的台阶,[升降]-[阶梯类型]-[方向]，示例：升降-标准工业楼梯-上行
1.0,L1-01,全身位移,Whole-body Locomotion,以整体重心在空间中的平移为核心特征的运动模式。通过下肢周期性步态或全身协调运动，使机器人从一个位置移动到另一个位置。该类动作的核心物理量是机器人整体质心的空间位移矢量。,判定归属L1-01的核心标准：动作执行期间机器人的支撑基底（双脚接触地面的凸包区域）发生了空间平移。若机器人双脚不离开当前支撑位置，仅改变身体构型（如弯腰、转体），则归入L1-02。若上肢在执行操作但身体未发生整体位移，即使存在小幅重心偏移也不归入本类。,L2-01-04,斜面行走,Ramp and Slope Walking,在连续倾斜表面上行走的运动，包括坡道、倾斜地面等。与平地行走相比，需要持续调整踝关节角度和重心前后偏移以适应坡度，且上坡和下坡的控制策略存在本质差异。,与L2-01-01的区别：地面坡度>3°。与L2-01-03的区别：斜面是连续平滑的倾斜面，不存在离散台阶结构。若坡面上有离散凸起或凹陷超过5cm，视为含障碍的复合地形，主要动作仍归入本L2。,力-位混合控制,全身/腿部,沿仓库装卸坡道上下行走；在停车场倾斜地面上移动至设备区；通过车间不同标高之间的过渡坡道,[坡面行走]-[坡度范围]-[方向]，示例：坡面行走-5至15度-上坡
1.0,L1-01,全身位移,Whole-body Locomotion,以整体重心在空间中的平移为核心特征的运动模式。通过下肢周期性步态或全身协调运动，使机器人从一个位置移动到另一个位置。该类动作的核心物理量是机器人整体质心的空间位移矢量。,判定归属L1-01的核心标准：动作执行期间机器人的支撑基底（双脚接触地面的凸包区域）发生了空间平移。若机器人双脚不离开当前支撑位置，仅改变身体构型（如弯腰、转体），则归入L1-02。若上肢在执行操作但身体未发生整体位移，即使存在小幅重心偏移也不归入本类。,L2-01-05,障碍跨越,Obstacle Crossing,在行进路径上遇到地面突起物、缝隙、管线、门槛等非标准障碍时，通过调整步态（抬高步幅、加大跨距）来越过障碍的运动。需要对障碍物进行实时感知和步态在线规划。,与L2-01-03的区别：障碍物是不规则的、非标准的临时物体（如地面线缆、工具箱），而非设计好的台阶结构。与L2-01-06的区别：障碍跨越强调的是垂直方向的抬腿越过，狭窄通行强调的是水平方向的挤过或侧移。,位置控制/视觉伺服,全身/腿部,跨过车间地面上的电缆桥架；越过产线之间的地面导轨凸起；跨过临时放置的地面工具或物料,[跨越]-[障碍物类型]-[高度范围]，示例：跨越-地面线缆-10cm以内
1.0,L1-01,全身位移,Whole-body Locomotion,以整体重心在空间中的平移为核心特征的运动模式。通过下肢周期性步态或全身协调运动，使机器人从一个位置移动到另一个位置。该类动作的核心物理量是机器人整体质心的空间位移矢量。,判定归属L1-01的核心标准：动作执行期间机器人的支撑基底（双脚接触地面的凸包区域）发生了空间平移。若机器人双脚不离开当前支撑位置，仅改变身体构型（如弯腰、转体），则归入L1-02。若上肢在执行操作但身体未发生整体位移，即使存在小幅重心偏移也不归入本类。,L2-01-06,狭窄通行,Confined Space Navigation,在空间受限的环境中（通道宽度接近或小于机器人肩宽的1.5倍）进行的小心行进。需要收缩身体轮廓、降低移动速度，并持续监控与周围结构的距离。,与L2-01-02的区别：狭窄通行的判定条件是空间宽度受限（<机器人肩宽1.5倍），方向变化是被动适应空间而非主动选择。与L2-01-05的区别：狭窄通行的约束来自两侧壁面，障碍跨越的约束来自地面物体。,位置控制/视觉伺服,全身/腿部/腰部,侧身通过两台设备之间的狭窄间隙；穿过半开启的防火门；在密集产线工位之间的窄通道中移动,[通行]-[通道类型]-[宽度约束]，示例：通行-设备间隙-肩宽以内
1.0,L1-01,全身位移,Whole-body Locomotion,以整体重心在空间中的平移为核心特征的运动模式。通过下肢周期性步态或全身协调运动，使机器人从一个位置移动到另一个位置。该类动作的核心物理量是机器人整体质心的空间位移矢量。,判定归属L1-01的核心标准：动作执行期间机器人的支撑基底（双脚接触地面的凸包区域）发生了空间平移。若机器人双脚不离开当前支撑位置，仅改变身体构型（如弯腰、转体），则归入L1-02。若上肢在执行操作但身体未发生整体位移，即使存在小幅重心偏移也不归入本类。,L2-01-07,负载行走,Loaded Walking,在持有重物或大型物体状态下的行走运动。负载改变了机器人的整体质心位置和惯量分布，需要实时调整步态参数（步幅、步频、支撑相时长）以维持动态稳定。,与L2-01-01的区别：负载重量>机器人自重5%或体积导致视野遮挡时归入本L2。抓持动作本身属于L1-04，本L2仅描述负载状态下的行走运动。若负载不影响步态（如手持轻小工具），仍归入其他L2-01类别。,力-位混合控制,全身/腿部/双臂,双手搬运纸箱从收货区走到存储区；扛持长条型材在车间内移动；推着移动工具车在产线间行走,[负载行走]-[载荷特征]-[持握方式]，示例：负载行走-中型箱体-双臂前持
1.0,L1-01,全身位移,Whole-body Locomotion,以整体重心在空间中的平移为核心特征的运动模式。通过下肢周期性步态或全身协调运动，使机器人从一个位置移动到另一个位置。该类动作的核心物理量是机器人整体质心的空间位移矢量。,判定归属L1-01的核心标准：动作执行期间机器人的支撑基底（双脚接触地面的凸包区域）发生了空间平移。若机器人双脚不离开当前支撑位置，仅改变身体构型（如弯腰、转体），则归入L1-02。若上肢在执行操作但身体未发生整体位移，即使存在小幅重心偏移也不归入本类。,L2-01-08,精确停位,Precision Step Positioning,在目标位置精确停止并调整最终站位的微步运动。从行走状态过渡到静止状态，通过小幅步态调整使双脚到达工作所需的精确位置和朝向，位移精度要求达到厘米级。,与L2-01-01/02的区别：精确停位发生在行走末尾的最后1-3步，目标是在指定位置精确停止而非持续行进。与L1-02的区别：精确停位涉及脚底支撑面的小幅平移，L1-02的姿态调整不涉及支撑面平移。,位置控制/视觉伺服,全身/腿部,在CNC机床前精确站位以准备操作面板；在装配工位标定点精确定位；在AGV对接位置精确停位以进行物料交接,[停位]-[参考目标]-[精度要求]，示例：停位-工位标定点-厘米级
1.0,L1-02,躯体姿态调整,Trunk Postural Adjustment,以改变机器人躯干、腰部、腿部的空间构型为核心特征的运动模式，但不产生整体位置的显著平移。通过关节角度变化实现身体重心的垂直升降、前后偏移、左右倾斜或轴向旋转。这类动作的核心目的是调整身体工作姿势或维持外力作用下的平衡稳定。,判定归属L1-02的核心标准：动作执行期间双脚支撑位置基本不变（平移<10cm），但躯干构型发生显著改变。与L1-01的区别：L1-01要求支撑基底发生空间平移。与L1-03的区别：L1-02描述的是躯干和下肢的构型变化，L1-03描述的是上肢的空间运动。若一个动作同时涉及躯干调姿和上肢伸达（如弯腰拿地面物品），则拆分为L1-02弯腰+L1-03伸达两个原子动作。,L2-02-01,站坐跪转换,Stand-Sit-Kneel Transition,在站立、坐下、跪姿之间进行状态切换的大幅度姿态转换运动。涉及重心的大范围垂直位移和多关节协调运动，需要全程维持动态平衡。,与L2-02-03的区别：站坐跪转换的终态是一个稳定的新支撑状态（坐稳、跪稳），下蹲起立的终态仍是双脚支撑。与L2-02-02的区别：站坐跪转换涉及支撑方式根本改变（如从足底支撑变为臀部支撑），弯腰俯身保持足底支撑不变。,力-位混合控制,全身/腿部/腰部,在低矮设备下方工作前从站姿转为跪姿；坐到操作台凳上进行精密装配；从跪姿恢复到站姿准备移动,[转换]-[起始姿态]-[目标姿态]，示例：转换-站立-单膝跪地
1.0,L1-02,躯体姿态调整,Trunk Postural Adjustment,以改变机器人躯干、腰部、腿部的空间构型为核心特征的运动模式，但不产生整体位置的显著平移。通过关节角度变化实现身体重心的垂直升降、前后偏移、左右倾斜或轴向旋转。这类动作的核心目的是调整身体工作姿势或维持外力作用下的平衡稳定。,判定归属L1-02的核心标准：动作执行期间双脚支撑位置基本不变（平移<10cm），但躯干构型发生显著改变。与L1-01的区别：L1-01要求支撑基底发生空间平移。与L1-03的区别：L1-02描述的是躯干和下肢的构型变化，L1-03描述的是上肢的空间运动。若一个动作同时涉及躯干调姿和上肢伸达（如弯腰拿地面物品），则拆分为L1-02弯腰+L1-03伸达两个原子动作。,L2-02-02,弯腰俯身,Bending and Stooping,以腰部为轴心向前弯曲上身的运动，目的是降低手部和头部的工作高度或扩大前方低位的操作范围。保持双脚站立不变，通过髋关节和脊柱关节的屈曲实现。,与L2-02-03的区别：弯腰以髋关节和腰椎屈曲为主，膝关节基本不弯曲或仅微屈；下蹲以膝关节和髋关节同时深度屈曲为主。与L2-02-05的区别：弯腰是在矢状面内（前后方向）的运动，侧倾探伸是在冠状面内（左右方向）的运动。,位置控制,腰部/全身,弯腰查看设备底部的铭牌信息；俯身从低层货架取物前的姿态准备；弯腰检查地面管线的连接状态,[俯身]-[弯曲幅度]-[目标高度]，示例：俯身-深度前屈-膝下高度
1.0,L1-02,躯体姿态调整,Trunk Postural Adjustment,以改变机器人躯干、腰部、腿部的空间构型为核心特征的运动模式，但不产生整体位置的显著平移。通过关节角度变化实现身体重心的垂直升降、前后偏移、左右倾斜或轴向旋转。这类动作的核心目的是调整身体工作姿势或维持外力作用下的平衡稳定。,判定归属L1-02的核心标准：动作执行期间双脚支撑位置基本不变（平移<10cm），但躯干构型发生显著改变。与L1-01的区别：L1-01要求支撑基底发生空间平移。与L1-03的区别：L1-02描述的是躯干和下肢的构型变化，L1-03描述的是上肢的空间运动。若一个动作同时涉及躯干调姿和上肢伸达（如弯腰拿地面物品），则拆分为L1-02弯腰+L1-03伸达两个原子动作。,L2-02-03,下蹲起立,Squatting and Rising,通过膝关节和髋关节的深度屈曲使身体重心大幅降低的运动，双脚保持在原位。与弯腰相比，重心下降更多且更稳定，适用于需要在低位长时间作业的场景。,与L2-02-02的区别：膝关节屈曲角度>90°归入下蹲。与L2-02-01的区别：下蹲的终态仍为双脚支撑（脚底未离开地面），站坐转换的终态有新的支撑面（如臀部坐在凳子上）。,力-位混合控制,全身/腿部/腰部,蹲下检查设备底部的轴承状态；在低位货架前蹲下取放物料；下蹲到机床导轨高度进行清洁,[蹲姿]-[深度]-[保持需求]，示例：蹲姿-全蹲-短时保持
1.0,L1-02,躯体姿态调整,Trunk Postural Adjustment,以改变机器人躯干、腰部、腿部的空间构型为核心特征的运动模式，但不产生整体位置的显著平移。通过关节角度变化实现身体重心的垂直升降、前后偏移、左右倾斜或轴向旋转。这类动作的核心目的是调整身体工作姿势或维持外力作用下的平衡稳定。,判定归属L1-02的核心标准：动作执行期间双脚支撑位置基本不变（平移<10cm），但躯干构型发生显著改变。与L1-01的区别：L1-01要求支撑基底发生空间平移。与L1-03的区别：L1-02描述的是躯干和下肢的构型变化，L1-03描述的是上肢的空间运动。若一个动作同时涉及躯干调姿和上肢伸达（如弯腰拿地面物品），则拆分为L1-02弯腰+L1-03伸达两个原子动作。,L2-02-04,躯干旋转,Trunk Axial Rotation,以脊柱纵轴为旋转中心，上半身相对于下半身进行水平面内转动的运动。目的是改变上肢工作方向或头部朝向，而不移动双脚位置。,与L2-01-02的区别：躯干旋转时双脚位置不变，仅上半身转动；变向行走时双脚发生步行移动。与L2-02-05的区别：躯干旋转是绕垂直轴的转动（水平面内），侧倾是绕前后轴的倾斜（冠状面内）。,位置控制,腰部/全身,站在工位上转身从身后的物料架取料；在两台相邻设备间转体切换操作对象；转身面向来人进行物料传递,[转体]-[旋转角度范围]-[方向]，示例：转体-90度-向左
1.0,L1-02,躯体姿态调整,Trunk Postural Adjustment,以改变机器人躯干、腰部、腿部的空间构型为核心特征的运动模式，但不产生整体位置的显著平移。通过关节角度变化实现身体重心的垂直升降、前后偏移、左右倾斜或轴向旋转。这类动作的核心目的是调整身体工作姿势或维持外力作用下的平衡稳定。,判定归属L1-02的核心标准：动作执行期间双脚支撑位置基本不变（平移<10cm），但躯干构型发生显著改变。与L1-01的区别：L1-01要求支撑基底发生空间平移。与L1-03的区别：L1-02描述的是躯干和下肢的构型变化，L1-03描述的是上肢的空间运动。若一个动作同时涉及躯干调姿和上肢伸达（如弯腰拿地面物品），则拆分为L1-02弯腰+L1-03伸达两个原子动作。,L2-02-05,侧倾探伸,Lateral Lean and Reach Extension,身体向左右方向倾斜以扩大侧向操作半径的运动。通过重心侧向偏移，使上肢能够到达直立状态下无法触及的侧方区域，同时需要对侧腿增加支撑力以维持平衡。,与L2-02-04的区别：侧倾是在冠状面（左右方向）的线性偏移，不涉及绕轴转动；躯干旋转是绕垂直轴的角度变化。与L2-02-02的区别：侧倾方向为左右，弯腰方向为前后。若同时涉及前倾和侧倾，按主要方向归类。,力-位混合控制,腰部/全身,侧倾探入设备内部触及深处的控制按钮；在工位上侧伸手取稍远处工具而不挪步；侧倾身体让出通道同时保持对工件的持握,[侧倾]-[倾斜方向]-[探伸距离]，示例：侧倾-右侧-中等探伸
1.0,L1-02,躯体姿态调整,Trunk Postural Adjustment,以改变机器人躯干、腰部、腿部的空间构型为核心特征的运动模式，但不产生整体位置的显著平移。通过关节角度变化实现身体重心的垂直升降、前后偏移、左右倾斜或轴向旋转。这类动作的核心目的是调整身体工作姿势或维持外力作用下的平衡稳定。,判定归属L1-02的核心标准：动作执行期间双脚支撑位置基本不变（平移<10cm），但躯干构型发生显著改变。与L1-01的区别：L1-01要求支撑基底发生空间平移。与L1-03的区别：L1-02描述的是躯干和下肢的构型变化，L1-03描述的是上肢的空间运动。若一个动作同时涉及躯干调姿和上肢伸达（如弯腰拿地面物品），则拆分为L1-02弯腰+L1-03伸达两个原子动作。,L2-02-06,静态支撑保持,Static Postural Bracing,在外力作用下维持当前身体姿态不变的主动抗扰运动。肌肉（关节执行器）持续输出力矩以抵消外部扰动，身体各关节位置保持恒定。这是一种等长收缩型的运动模式。,与L2-02-07的区别：静态支撑是对预期的、持续的外力进行稳态抵抗；动态平衡恢复是对突发的、瞬态的扰动进行快速反应。与L1-05中L2-05-06的区别：静态支撑描述全身姿态的维持，L2-05-06描述手臂对外部物体施加的抵持力。,阻抗控制/力控制,全身/腰部/腿部,双手持重物保持上举姿态等待协作者安装；在振动设备旁保持稳定站姿进行精密操作；抵抗反作用力保持身体姿态进行推压作业,[支撑]-[姿态类型]-[抗扰方向]，示例：支撑-前倾持物姿态-抗重力
1.0,L1-02,躯体姿态调整,Trunk Postural Adjustment,以改变机器人躯干、腰部、腿部的空间构型为核心特征的运动模式，但不产生整体位置的显著平移。通过关节角度变化实现身体重心的垂直升降、前后偏移、左右倾斜或轴向旋转。这类动作的核心目的是调整身体工作姿势或维持外力作用下的平衡稳定。,判定归属L1-02的核心标准：动作执行期间双脚支撑位置基本不变（平移<10cm），但躯干构型发生显著改变。与L1-01的区别：L1-01要求支撑基底发生空间平移。与L1-03的区别：L1-02描述的是躯干和下肢的构型变化，L1-03描述的是上肢的空间运动。若一个动作同时涉及躯干调姿和上肢伸达（如弯腰拿地面物品），则拆分为L1-02弯腰+L1-03伸达两个原子动作。,L2-02-07,动态平衡恢复,Dynamic Balance Recovery,在受到突发外部扰动（碰撞、滑移、负载突变）后，通过快速全身协调运动恢复稳定平衡状态的反应性运动。涉及踝策略、髋策略或迈步策略的自动切换。,与L2-02-06的区别：动态平衡恢复是对意外扰动的快速反应，具有瞬态特征；静态支撑是对持续力的稳态抵抗。若恢复过程中产生了小幅迈步（<1步），仍归入本L2；若需要多步连续移动才能恢复，则整体属于L1-01。,力-位混合控制/阻抗控制,全身/腿部/腰部,被经过的叉车气流扰动后恢复平衡；搬运物体时负载突然偏移导致重心偏离后恢复；踩到油渍脚底打滑后的快速稳定,[恢复]-[扰动类型]-[恢复策略]，示例：恢复-侧向冲击-髋策略
1.0,L1-03,上肢空间运动,Upper Limb Spatial Motion,以单臂或双臂末端（手部）在三维空间中进行轨迹运动为核心特征的运动模式。手部沿自由空间轨迹移动，可空载或负载。该类动作的物理本质是末端执行器（手部）在笛卡尔空间中的位置和姿态变化，不涉及与环境的持续接触力交互。,判定归属L1-03的核心标准：动作以手部在空间中的轨迹运动为主要特征，且运动过程中不存在与外部环境或对象的持续接触力交互（或接触力仅为维持抓持的被动力，不是主动施加的工作力）。与L1-04的区别：L1-03描述臂的空间运动，L1-04描述手指的构型变化。与L1-05~08的区别：L1-03的运动在自由空间中进行，L1-05~08涉及与外部环境的主动力交互或约束路径。,L2-03-01,空载伸达,Unloaded Reaching,空手状态下将手臂从当前位置移动到目标位置的运动。是上肢操作的起始和过渡动作，运动规划的核心是避障路径和到达时间优化。,与L2-03-02的区别：空载伸达时手中无物体。与L1-09的区别：空载伸达的目的是为后续操作（如抓取）做准备，L1-09的伸达目的是感知信息采集。若伸达终点是为了触摸检测，归入L1-09。,位置控制,单臂,伸手到物料盒上方准备抓取零件；将手臂移动到工具架位置准备取工具；将手伸入设备内部准备操作开关,[伸达]-[目标区域]-[路径约束]，示例：伸达-物料盒上方-无障碍直线
1.0,L1-03,上肢空间运动,Upper Limb Spatial Motion,以单臂或双臂末端（手部）在三维空间中进行轨迹运动为核心特征的运动模式。手部沿自由空间轨迹移动，可空载或负载。该类动作的物理本质是末端执行器（手部）在笛卡尔空间中的位置和姿态变化，不涉及与环境的持续接触力交互。,判定归属L1-03的核心标准：动作以手部在空间中的轨迹运动为主要特征，且运动过程中不存在与外部环境或对象的持续接触力交互（或接触力仅为维持抓持的被动力，不是主动施加的工作力）。与L1-04的区别：L1-03描述臂的空间运动，L1-04描述手指的构型变化。与L1-05~08的区别：L1-03的运动在自由空间中进行，L1-05~08涉及与外部环境的主动力交互或约束路径。,L2-03-02,单臂负载转移,Single-arm Loaded Transfer,单手持有物体状态下将物体从当前位置搬运到目标位置的臂部空间运动。与空载伸达相比，增加了负载的惯性补偿和防倾翻/防掉落的姿态约束。,与L2-03-01的区别：手中持有物体。与L2-03-03的区别：仅使用单臂，物体重量和体积在单臂承载范围内。与L2-03-05的区别：本L2强调搬运过程中的轨迹运动，L2-03-05强调到达目标点后的定位精度。,位置控制/力-位混合控制,单臂/灵巧手,单手拿起螺丝刀从工具架移到工位；将已拧好的螺栓放入成品盒；从传送带上拿取零件移至装配台,[转移]-[物体特征]-[移动距离]，示例：转移-小型紧固件-近距
1.0,L1-03,上肢空间运动,Upper Limb Spatial Motion,以单臂或双臂末端（手部）在三维空间中进行轨迹运动为核心特征的运动模式。手部沿自由空间轨迹移动，可空载或负载。该类动作的物理本质是末端执行器（手部）在笛卡尔空间中的位置和姿态变化，不涉及与环境的持续接触力交互。,判定归属L1-03的核心标准：动作以手部在空间中的轨迹运动为主要特征，且运动过程中不存在与外部环境或对象的持续接触力交互（或接触力仅为维持抓持的被动力，不是主动施加的工作力）。与L1-04的区别：L1-03描述臂的空间运动，L1-04描述手指的构型变化。与L1-05~08的区别：L1-03的运动在自由空间中进行，L1-05~08涉及与外部环境的主动力交互或约束路径。,L2-03-03,双臂协调搬运,Bimanual Coordinated Carrying,双臂同时持有同一物体并协调运动将其从一个位置搬运到另一个位置。两臂需要保持相对位姿的一致性（主从协调或对称协调），以防止物体变形或滑脱。,与L2-03-02的区别：需要双臂同时参与，物体的重量或尺寸超过单臂能力。与L1-01-07的区别：双臂协调搬运描述的是上肢的搬运动作本身，L1-01-07描述的是负载状态下的行走步态。一次完整搬运通常由L2-03-03（上肢搬运）+L2-01-07（负载行走）组合完成。,力-位混合控制,双臂/灵巧手,双手搬起大型面板从物料区到装配台；双臂抱持圆柱形工件移至加工区；两手协调托举长条型材改变存放位置,[协搬]-[物体形状]-[载荷等级]，示例：协搬-长条型材-中载
1.0,L1-03,上肢空间运动,Upper Limb Spatial Motion,以单臂或双臂末端（手部）在三维空间中进行轨迹运动为核心特征的运动模式。手部沿自由空间轨迹移动，可空载或负载。该类动作的物理本质是末端执行器（手部）在笛卡尔空间中的位置和姿态变化，不涉及与环境的持续接触力交互。,判定归属L1-03的核心标准：动作以手部在空间中的轨迹运动为主要特征，且运动过程中不存在与外部环境或对象的持续接触力交互（或接触力仅为维持抓持的被动力，不是主动施加的工作力）。与L1-04的区别：L1-03描述臂的空间运动，L1-04描述手指的构型变化。与L1-05~08的区别：L1-03的运动在自由空间中进行，L1-05~08涉及与外部环境的主动力交互或约束路径。,L2-03-04,物体翻转调姿,Object Reorientation in Air,在手持物体状态下，通过臂部和腕部的协调运动改变物体在空间中的姿态（旋转、翻转、倾斜），使其从当前朝向变为目标朝向。运动在自由空间中进行，无外部接触约束。,与L1-06的区别：物体翻转调姿是在自由空间中改变物体朝向，不涉及与外部环境的旋转力交互；L1-06描述的是对外施加旋转力矩（如拧螺丝）。与L2-04-05的区别：本L2通过臂部运动实现大幅度姿态变化，L2-04-05通过手指运动实现小幅度手内调整。,位置控制/力-位混合控制,单臂/双臂/灵巧手,将工件翻面以便加工另一面；将零件旋转90度以匹配装配方向；翻转PCB板检查焊点质量,[翻转]-[旋转轴向]-[角度范围]，示例：翻转-绕水平轴-180度
1.0,L1-03,上肢空间运动,Upper Limb Spatial Motion,以单臂或双臂末端（手部）在三维空间中进行轨迹运动为核心特征的运动模式。手部沿自由空间轨迹移动，可空载或负载。该类动作的物理本质是末端执行器（手部）在笛卡尔空间中的位置和姿态变化，不涉及与环境的持续接触力交互。,判定归属L1-03的核心标准：动作以手部在空间中的轨迹运动为主要特征，且运动过程中不存在与外部环境或对象的持续接触力交互（或接触力仅为维持抓持的被动力，不是主动施加的工作力）。与L1-04的区别：L1-03描述臂的空间运动，L1-04描述手指的构型变化。与L1-05~08的区别：L1-03的运动在自由空间中进行，L1-05~08涉及与外部环境的主动力交互或约束路径。,L2-03-05,精确定点放置,Precision Spot Placement,将手持物体在目标位置进行高精度定位放置的运动。与一般搬运不同，最后阶段需要低速趋近和视觉/力觉反馈闭环，以确保放置位置和姿态满足精度要求（通常优于±2mm）。,与L2-03-02的区别：精确定点放置对终点位姿精度有明确要求（±2mm以内），一般转移精度要求低于此阈值。与L1-07的区别：精确定点放置是将物体放到指定点，物体与环境之间没有几何约束引导；L1-07的运动路径受物理几何约束（如孔、槽、导轨）引导。,位置控制/视觉伺服,单臂/灵巧手,将精密元件放置到PCB指定焊盘位置；将试样精确放置在测量夹具的定位点；将密封圈放置到装配面的指定凹槽开口处,[定放]-[对象类型]-[精度等级]，示例：定放-贴片元件-亚毫米级
1.0,L1-03,上肢空间运动,Upper Limb Spatial Motion,以单臂或双臂末端（手部）在三维空间中进行轨迹运动为核心特征的运动模式。手部沿自由空间轨迹移动，可空载或负载。该类动作的物理本质是末端执行器（手部）在笛卡尔空间中的位置和姿态变化，不涉及与环境的持续接触力交互。,判定归属L1-03的核心标准：动作以手部在空间中的轨迹运动为主要特征，且运动过程中不存在与外部环境或对象的持续接触力交互（或接触力仅为维持抓持的被动力，不是主动施加的工作力）。与L1-04的区别：L1-03描述臂的空间运动，L1-04描述手指的构型变化。与L1-05~08的区别：L1-03的运动在自由空间中进行，L1-05~08涉及与外部环境的主动力交互或约束路径。,L2-03-06,规律排列码放,Regular Array Stacking,按照预定的排列规律和空间图案，将物体逐个放置形成有序阵列或堆垛的重复性运动。单次放置的精度要求中等，但要求多次放置之间的一致性和间距均匀性。,与L2-03-05的区别：规律排列码放强调多个物体之间的相对位置一致性和排列规律性，而非单个物体的绝对定位精度。与L2-03-02的区别：码放有明确的阵列模式（行列、层叠），而非简单的从A到B搬运。,位置控制,单臂/双臂/灵巧手,将零件按矩阵排列放入料盘；将纸箱在托盘上逐层码垛；将成品按编号顺序排列到出货架上,[码放]-[排列模式]-[层数]，示例：码放-矩阵排列-单层
1.0,L1-03,上肢空间运动,Upper Limb Spatial Motion,以单臂或双臂末端（手部）在三维空间中进行轨迹运动为核心特征的运动模式。手部沿自由空间轨迹移动，可空载或负载。该类动作的物理本质是末端执行器（手部）在笛卡尔空间中的位置和姿态变化，不涉及与环境的持续接触力交互。,判定归属L1-03的核心标准：动作以手部在空间中的轨迹运动为主要特征，且运动过程中不存在与外部环境或对象的持续接触力交互（或接触力仅为维持抓持的被动力，不是主动施加的工作力）。与L1-04的区别：L1-03描述臂的空间运动，L1-04描述手指的构型变化。与L1-05~08的区别：L1-03的运动在自由空间中进行，L1-05~08涉及与外部环境的主动力交互或约束路径。,L2-03-07,递交传接,Handover and Transfer,将手持物体从一只手传递到另一只手，或从机器人传递给人类协作者（反之亦然）的运动。传递过程涉及给予方和接收方之间的时序协调和力过渡控制，存在双方共同持有物体的短暂过渡期。,与L2-03-02的区别：递交传接涉及物体所有权在两个执行器之间的转移过程，需要双方协调；单臂转移是单侧完成的搬运。与L2-04-05/06的区别：递交传接是物体在不同抓握器（双手之间或人机之间）之间转移，手内调姿是物体在同一只手内重新调整位置。,力-位混合控制/阻抗控制,双臂/灵巧手,左手持有工件传递到右手以改变握持方式；将装配好的组件递交给人类协作者进行下一步工序；从协作机器人处接收来料零件,[传递]-[传递方向]-[协调方式]，示例：传递-左手至右手-自主换手
1.0,L1-03,上肢空间运动,Upper Limb Spatial Motion,以单臂或双臂末端（手部）在三维空间中进行轨迹运动为核心特征的运动模式。手部沿自由空间轨迹移动，可空载或负载。该类动作的物理本质是末端执行器（手部）在笛卡尔空间中的位置和姿态变化，不涉及与环境的持续接触力交互。,判定归属L1-03的核心标准：动作以手部在空间中的轨迹运动为主要特征，且运动过程中不存在与外部环境或对象的持续接触力交互（或接触力仅为维持抓持的被动力，不是主动施加的工作力）。与L1-04的区别：L1-03描述臂的空间运动，L1-04描述手指的构型变化。与L1-05~08的区别：L1-03的运动在自由空间中进行，L1-05~08涉及与外部环境的主动力交互或约束路径。,L2-03-08,滑移推送,Surface Sliding Push,在支撑面上通过推力使物体沿表面滑动到目标位置的运动。物体始终与支撑面接触，不被提离表面。与空中搬运相比，控制维度降低（无需维持垂直方向支撑），但增加了摩擦力补偿需求。,与L2-03-02的区别：滑移推送的物体始终与支撑面接触，不存在提升和放下动作；负载转移需要将物体提起。与L1-05 L2-05-02的区别：滑移推送的目的是改变物体位置（位移是主要目标），L2-05-02的目的是施加力实现机构功能（如推门开启，力是主要目标）。,力-位混合控制,单臂/灵巧手,在工作台面上将零件推滑到指定位置；将料盘沿台面滑推到下一工位；在传送带旁将物品推入正确的分拣口,[推送]-[物体底面特征]-[表面类型]，示例：推送-平底零件-金属台面
1.0,L1-04,手部抓握操控,Hand Grasp and In-hand Manipulation,以手指和手掌构型变化为核心特征的运动模式，目的是建立、调整或解除手与物体之间的接触和约束关系。该类动作的工作空间局限于手掌和手指的可达范围之内，物理本质是通过多指协调控制实现对物体的包络、捏持、操控或释放。,判定归属L1-04的核心标准：动作的主要运动发生在手指和手掌层面（手腕以远），改变的是手与物体之间的接触状态或接触构型。与L1-03的区别：L1-03描述臂的空间运动（腕部以近的关节运动），L1-04描述手指的构型变化（腕部以远的关节运动）。与L1-06的区别：L1-04的旋转是手指在手内调整物体姿态，L1-06是通过手腕和手臂对外施加旋转力矩。,L2-04-01,力量抓握,Power Grasp,全手掌和多根手指共同包络物体形成大面积接触的抓握方式，以最大化抓持力和抓持稳定性为目标。典型场景包括握持工具手柄、抓持大型工件等需要大握力的操作。,与L2-04-02的区别：力量抓握使用全手包络（≥3根手指+手掌参与），强调握力和稳定性；精密捏取使用指尖（通常2-3根手指），强调灵巧性和精度。与L2-04-03的区别：力量抓握是通用的包络型抓持，工具功能握持需要手指按照工具使用功能的特定构型排列。,力控制,灵巧手/手指,满握抓持圆柱形工件进行搬运；全手包络抓持大型螺母准备安装；握持管状型材进行位置调整,[力握]-[物体截面形状]-[尺寸范围]，示例：力握-圆柱体-直径30至60mm
1.0,L1-04,手部抓握操控,Hand Grasp and In-hand Manipulation,以手指和手掌构型变化为核心特征的运动模式，目的是建立、调整或解除手与物体之间的接触和约束关系。该类动作的工作空间局限于手掌和手指的可达范围之内，物理本质是通过多指协调控制实现对物体的包络、捏持、操控或释放。,判定归属L1-04的核心标准：动作的主要运动发生在手指和手掌层面（手腕以远），改变的是手与物体之间的接触状态或接触构型。与L1-03的区别：L1-03描述臂的空间运动（腕部以近的关节运动），L1-04描述手指的构型变化（腕部以远的关节运动）。与L1-06的区别：L1-04的旋转是手指在手内调整物体姿态，L1-06是通过手腕和手臂对外施加旋转力矩。,L2-04-02,精密捏取,Precision Pinch Grasp,使用拇指与1-2根手指的指尖或指腹对小型、薄型或精密物体进行捏取的抓握方式。接触面积小但位置控制精度高，适用于需要精确控制物体位姿的场景。,与L2-04-01的区别：捏取仅使用指尖/指腹，不超过3根手指，不使用手掌。与L2-04-04的区别：精密捏取针对刚性小物体，形变适应抓取针对柔性或不规则物体。物体最大尺寸超过手掌宽度时，不应使用捏取。,力控制/位置控制,手指/灵巧手,拇指和食指捏取M3小螺丝；两指捏取薄垫片或O型圈；三指捏取小型电子元器件（电阻、电容）,[捏取]-[指法构型]-[物体特征]，示例：捏取-二指对捏-薄垫片
1.0,L1-04,手部抓握操控,Hand Grasp and In-hand Manipulation,以手指和手掌构型变化为核心特征的运动模式，目的是建立、调整或解除手与物体之间的接触和约束关系。该类动作的工作空间局限于手掌和手指的可达范围之内，物理本质是通过多指协调控制实现对物体的包络、捏持、操控或释放。,判定归属L1-04的核心标准：动作的主要运动发生在手指和手掌层面（手腕以远），改变的是手与物体之间的接触状态或接触构型。与L1-03的区别：L1-03描述臂的空间运动（腕部以近的关节运动），L1-04描述手指的构型变化（腕部以远的关节运动）。与L1-06的区别：L1-04的旋转是手指在手内调整物体姿态，L1-06是通过手腕和手臂对外施加旋转力矩。,L2-04-03,工具功能握持,Functional Tool Grasp,根据工具使用时的功能需求，以特定的手指排列构型握持工具的抓握方式。不仅要求稳固握持，还要求手指构型能支持后续的工具操作（如食指抵住螺丝刀顶部、拇指扣住扳手开口端）。,与L2-04-01的区别：工具功能握持需要手指按照工具特定使用方式排列（如写字握笔姿势），不只是包络住工具手柄。与L2-04-02的区别：工具握持通常涉及更多手指和更复杂的构型。判定标准：如果更换握持姿势会导致工具无法正常使用，则属于功能握持。,力控制/位置控制,灵巧手/手指,以使用姿势握持十字螺丝刀（食指抵压、拇指侧卡）；以操作姿势握持开口扳手；以功能握姿握持焊接辅助夹持工具,[工具握持]-[工具类型]-[握姿分类]，示例：工具握持-螺丝刀-旋拧功能姿
1.0,L1-04,手部抓握操控,Hand Grasp and In-hand Manipulation,以手指和手掌构型变化为核心特征的运动模式，目的是建立、调整或解除手与物体之间的接触和约束关系。该类动作的工作空间局限于手掌和手指的可达范围之内，物理本质是通过多指协调控制实现对物体的包络、捏持、操控或释放。,判定归属L1-04的核心标准：动作的主要运动发生在手指和手掌层面（手腕以远），改变的是手与物体之间的接触状态或接触构型。与L1-03的区别：L1-03描述臂的空间运动（腕部以近的关节运动），L1-04描述手指的构型变化（腕部以远的关节运动）。与L1-06的区别：L1-04的旋转是手指在手内调整物体姿态，L1-06是通过手腕和手臂对外施加旋转力矩。,L2-04-04,形变适应抓取,Adaptive Deformable Grasp,对柔性、易变形或形状不规则物体进行的自适应抓取。手指需要根据物体表面形状实时调整接触力分布，避免过度变形或损伤物体，同时确保抓持稳定。,与L2-04-01的区别：形变适应抓取需要对力的分布进行精细控制以避免物体变形，力量抓握追求最大握力。与L2-04-02的区别：适应抓取强调手指对不规则表面的顺应性，精密捏取假设物体为刚性且形状规则。判定标准：抓取过程中物体形状发生可观察变化的，属于本L2。,力控制/阻抗控制,灵巧手/手指,抓取柔性线缆束避免过度弯折；拿起泡沫包装材料不造成压凹；抓持软质橡胶密封条保持形状完整,[适抓]-[材料柔度]-[形状类型]，示例：适抓-软质-线束状
1.0,L1-04,手部抓握操控,Hand Grasp and In-hand Manipulation,以手指和手掌构型变化为核心特征的运动模式，目的是建立、调整或解除手与物体之间的接触和约束关系。该类动作的工作空间局限于手掌和手指的可达范围之内，物理本质是通过多指协调控制实现对物体的包络、捏持、操控或释放。,判定归属L1-04的核心标准：动作的主要运动发生在手指和手掌层面（手腕以远），改变的是手与物体之间的接触状态或接触构型。与L1-03的区别：L1-03描述臂的空间运动（腕部以近的关节运动），L1-04描述手指的构型变化（腕部以远的关节运动）。与L1-06的区别：L1-04的旋转是手指在手内调整物体姿态，L1-06是通过手腕和手臂对外施加旋转力矩。,L2-04-05,手内旋转调姿,In-hand Rotation,物体保持在手内不脱离，通过手指的协调滚动和滑动使物体绕某轴旋转一定角度的运动。属于高级灵巧操作，要求手指之间精确的时序配合和力的接替。,与L2-03-04的区别：手内旋转仅通过手指运动实现，物体不离开手掌空间；物体翻转调姿需要臂部大幅运动。与L2-04-06的区别：手内旋转改变物体的角度（旋转），手指滑移改变物体在手中的线性位置（平移）。,位置控制/力控制,手指/灵巧手,在手中旋转螺丝使其头部朝下便于安装；在手内转动小型零件查看不同面的标记；手指拨转小型圆柱销改变朝向,[手旋]-[旋转轴]-[角度范围]，示例：手旋-纵轴-180度翻转
1.0,L1-04,手部抓握操控,Hand Grasp and In-hand Manipulation,以手指和手掌构型变化为核心特征的运动模式，目的是建立、调整或解除手与物体之间的接触和约束关系。该类动作的工作空间局限于手掌和手指的可达范围之内，物理本质是通过多指协调控制实现对物体的包络、捏持、操控或释放。,判定归属L1-04的核心标准：动作的主要运动发生在手指和手掌层面（手腕以远），改变的是手与物体之间的接触状态或接触构型。与L1-03的区别：L1-03描述臂的空间运动（腕部以近的关节运动），L1-04描述手指的构型变化（腕部以远的关节运动）。与L1-06的区别：L1-04的旋转是手指在手内调整物体姿态，L1-06是通过手腕和手臂对外施加旋转力矩。,L2-04-06,手指滑移调位,In-hand Sliding Repositioning,通过手指与物体之间的受控滑动，使物体在手内沿某方向线性移动一小段距离的运动。目的是调整物体在手中的夹持位置（如将螺丝刀柄向上滑移以改变伸出长度），而不需要松开重新抓取。,与L2-04-05的区别：滑移调位改变的是物体在手中的线性位置（平移），手内旋转改变的是物体的角度（旋转）。与L2-04-07的区别：滑移调位全程保持手指与物体的接触，不存在完全松开的瞬间。,力-位混合控制,手指/灵巧手,将螺丝刀在手中向下滑移以增加工作端伸出长度；调整手中线缆的握持位置以便于穿线；将手中的量规滑移至正确的测量标尺位置,[滑调]-[滑动方向]-[距离范围]，示例：滑调-纵向后推-20mm以内
1.0,L1-04,手部抓握操控,Hand Grasp and In-hand Manipulation,以手指和手掌构型变化为核心特征的运动模式，目的是建立、调整或解除手与物体之间的接触和约束关系。该类动作的工作空间局限于手掌和手指的可达范围之内，物理本质是通过多指协调控制实现对物体的包络、捏持、操控或释放。,判定归属L1-04的核心标准：动作的主要运动发生在手指和手掌层面（手腕以远），改变的是手与物体之间的接触状态或接触构型。与L1-03的区别：L1-03描述臂的空间运动（腕部以近的关节运动），L1-04描述手指的构型变化（腕部以远的关节运动）。与L1-06的区别：L1-04的旋转是手指在手内调整物体姿态，L1-06是通过手腕和手臂对外施加旋转力矩。,L2-04-07,受控释放,Controlled Release,按照控制意图逐步打开手指，解除与物体的接触约束，使物体脱离手部的运动。释放过程需要控制松开速度和顺序，避免物体弹出、滑落或倾倒。,与L2-04-01/02的区别：释放是建立抓握的逆过程，手指从闭合向张开运动。与L2-03-07的区别：受控释放是单方面解除接触，不涉及另一个执行器的接管；递交传接需要双方协调。判定标准：动作结束时物体不再与手有任何接触，则属于释放。,位置控制/力控制,手指/灵巧手,将工件轻放在定位台上后逐步松手；松开对密封胶管的夹持停止涂胶；在夹具到位后释放对工件的手动固持,[释放]-[释放方式]-[物体状态]，示例：释放-渐进松指-物体已支撑
1.0,L1-05,线性力施加,Linear Force Application,以沿直线或近似直线方向对外部对象施加推力、拉力、压力等平移力为核心特征的运动模式。该类动作的物理本质是机器人的末端执行器（手部）与外部对象之间存在主动的、以线性力为主导的力学交互。力的方向和大小是主要控制量，末端位移是力的结果或次要控制量。,判定归属L1-05的核心标准：动作的主要控制目标是施加特定方向和大小的线性力（平移力），而非跟踪特定轨迹。与L1-03的区别：L1-03在自由空间运动，不与环境产生主动力交互；L1-05必须有与外部对象的持续接触力。与L1-06的区别：L1-05施加的是平移力（沿直线方向），L1-06施加的是旋转力矩（绕轴方向）。与L1-07的区别：L1-05的运动路径由力的作用方向决定，L1-07的运动路径由物理几何约束决定。,L2-05-01,点压触发,Point Press Activation,用手指或手部末端对小面积目标点施加短暂压力以触发功能的动作。力的作用时间短（<1秒），作用范围小（接触面积<10cm²），典型为按钮、触控屏点击等。,与L2-05-02的区别：点压触发的力作用时间<1秒且有明确触发反馈（机械click或功能响应），持续推压的力作用时间>1秒且需要维持。与L2-05-07的区别：点压触发的力方向垂直于接触面（法向按压），拨动切换的力方向平行于接触面（切向拨动）。,力控制/位置控制,手指/灵巧手,按下设备操作面板上的启动按钮；按压急停开关；触按数控面板上的功能键,[点压]-[目标类型]-[力度等级]，示例：点压-工业按钮-中等力度
1.0,L1-05,线性力施加,Linear Force Application,以沿直线或近似直线方向对外部对象施加推力、拉力、压力等平移力为核心特征的运动模式。该类动作的物理本质是机器人的末端执行器（手部）与外部对象之间存在主动的、以线性力为主导的力学交互。力的方向和大小是主要控制量，末端位移是力的结果或次要控制量。,判定归属L1-05的核心标准：动作的主要控制目标是施加特定方向和大小的线性力（平移力），而非跟踪特定轨迹。与L1-03的区别：L1-03在自由空间运动，不与环境产生主动力交互；L1-05必须有与外部对象的持续接触力。与L1-06的区别：L1-05施加的是平移力（沿直线方向），L1-06施加的是旋转力矩（绕轴方向）。与L1-07的区别：L1-05的运动路径由力的作用方向决定，L1-07的运动路径由物理几何约束决定。,L2-05-02,持续推压,Sustained Pushing,在一定时间内持续施加推力或压力使目标对象发生位移或形变的动作。力方向一般为远离身体的方向，力的大小可能需要根据对象响应动态调节。,与L2-05-01的区别：持续推压的力作用时间>1秒，且力的持续过程本身是动作目标的一部分。与L2-05-03的区别：推压是远离身体方向施力，拉拔是朝向身体方向施力。与L2-03-08的区别：本L2的主要目标是施加力（如推开门），L2-03-08的主要目标是物体位移（如将零件推到指定位置）。,力控制,单臂/双臂/灵巧手,双手推开防火门；持续按压夹具使其锁紧到位；推动滑动防护罩关闭设备,[推压]-[对象类型]-[力的持续模式]，示例：推压-防护门-匀力持续推
1.0,L1-05,线性力施加,Linear Force Application,以沿直线或近似直线方向对外部对象施加推力、拉力、压力等平移力为核心特征的运动模式。该类动作的物理本质是机器人的末端执行器（手部）与外部对象之间存在主动的、以线性力为主导的力学交互。力的方向和大小是主要控制量，末端位移是力的结果或次要控制量。,判定归属L1-05的核心标准：动作的主要控制目标是施加特定方向和大小的线性力（平移力），而非跟踪特定轨迹。与L1-03的区别：L1-03在自由空间运动，不与环境产生主动力交互；L1-05必须有与外部对象的持续接触力。与L1-06的区别：L1-05施加的是平移力（沿直线方向），L1-06施加的是旋转力矩（绕轴方向）。与L1-07的区别：L1-05的运动路径由力的作用方向决定，L1-07的运动路径由物理几何约束决定。,L2-05-03,拉拔抽取,Pulling and Extraction,沿朝向身体或远离对象固定点的方向施加拉力，将物体从约束位置中拉出或拉动可活动部件的动作。需要在抓持稳定性和拉力输出之间取得平衡。,与L2-05-02的区别：拉力方向朝向身体，推力方向远离身体。与L2-07-02的区别：本L2的物体在拉出过程中不受严格几何约束（如拉开抽屉、拉拔卡住的零件），L2-07-02的运动沿精确定义的几何路径进行（如从紧配合孔中精确抽出销钉）。判定标准：如果拉出过程偏离直线5mm以上不会导致卡死，属于本L2。,力控制,单臂/双臂/灵巧手,拉开设备维护舱门的把手；拔出已松动的故障保险丝；拉出物料仓的抽拉式料盘,[拉拔]-[对象固定方式]-[所需拉力等级]，示例：拉拔-卡扣固定零件-中等拉力
1.0,L1-05,线性力施加,Linear Force Application,以沿直线或近似直线方向对外部对象施加推力、拉力、压力等平移力为核心特征的运动模式。该类动作的物理本质是机器人的末端执行器（手部）与外部对象之间存在主动的、以线性力为主导的力学交互。力的方向和大小是主要控制量，末端位移是力的结果或次要控制量。,判定归属L1-05的核心标准：动作的主要控制目标是施加特定方向和大小的线性力（平移力），而非跟踪特定轨迹。与L1-03的区别：L1-03在自由空间运动，不与环境产生主动力交互；L1-05必须有与外部对象的持续接触力。与L1-06的区别：L1-05施加的是平移力（沿直线方向），L1-06施加的是旋转力矩（绕轴方向）。与L1-07的区别：L1-05的运动路径由力的作用方向决定，L1-07的运动路径由物理几何约束决定。,L2-05-04,夹紧固持,Clamping and Securing,通过双手或手与其他结构形成对向夹持力，将物体固定在指定位置防止其移动的动作。两个施力点之间形成对偶力系，物体被约束在力的合力为零的平衡位置。,与L2-05-06的区别：夹紧固持通过对向力将物体夹持在两个接触面之间，静态抵持是单方向施力维持物体位置（如顶住不让倒下）。与L2-04-01的区别：夹紧固持可使用手以外的身体部位或借助外部结构形成夹持，L2-04-01纯粹使用手指/手掌。,力控制,双臂/灵巧手,双手夹持工件固定在工作台上等待焊接；用手将盖板压在壳体上对齐螺丝孔；将密封条夹压在对接面之间,[夹持]-[夹持方式]-[固持时长]，示例：夹持-双手对向-持续固定
1.0,L1-05,线性力施加,Linear Force Application,以沿直线或近似直线方向对外部对象施加推力、拉力、压力等平移力为核心特征的运动模式。该类动作的物理本质是机器人的末端执行器（手部）与外部对象之间存在主动的、以线性力为主导的力学交互。力的方向和大小是主要控制量，末端位移是力的结果或次要控制量。,判定归属L1-05的核心标准：动作的主要控制目标是施加特定方向和大小的线性力（平移力），而非跟踪特定轨迹。与L1-03的区别：L1-03在自由空间运动，不与环境产生主动力交互；L1-05必须有与外部对象的持续接触力。与L1-06的区别：L1-05施加的是平移力（沿直线方向），L1-06施加的是旋转力矩（绕轴方向）。与L1-07的区别：L1-05的运动路径由力的作用方向决定，L1-07的运动路径由物理几何约束决定。,L2-05-05,冲击敲击,Impact and Tapping,以短促的高峰值力对目标施加冲击的动作。手或手持工具快速加速后与目标碰撞，在极短时间内传递冲量。与持续推压的本质区别在于力的时域特征——脉冲式而非持续式。,与L2-05-02的区别：冲击的力作用时间极短（<0.1秒）且峰值力远高于均值，推压的力平缓持续。与L2-05-01的区别：冲击需要手部有明显的加速和减速阶段（挥动动作），点压仅有缓慢的压入动作。判定标准：施力前末端需要后撤蓄力的，属于冲击敲击。,力控制/速度控制,单臂/灵巧手,使用橡皮锤敲击工件使其就位；用手指叩击设备外壳判断内部是否空腔；敲击卡涩的零件帮助松动,[敲击]-[工具类型]-[冲击强度]，示例：敲击-橡皮锤-中等冲击
1.0,L1-05,线性力施加,Linear Force Application,以沿直线或近似直线方向对外部对象施加推力、拉力、压力等平移力为核心特征的运动模式。该类动作的物理本质是机器人的末端执行器（手部）与外部对象之间存在主动的、以线性力为主导的力学交互。力的方向和大小是主要控制量，末端位移是力的结果或次要控制量。,判定归属L1-05的核心标准：动作的主要控制目标是施加特定方向和大小的线性力（平移力），而非跟踪特定轨迹。与L1-03的区别：L1-03在自由空间运动，不与环境产生主动力交互；L1-05必须有与外部对象的持续接触力。与L1-06的区别：L1-05施加的是平移力（沿直线方向），L1-06施加的是旋转力矩（绕轴方向）。与L1-07的区别：L1-05的运动路径由力的作用方向决定，L1-07的运动路径由物理几何约束决定。,L2-05-06,静态抵持,Static Force Bracing,在特定方向上持续施加力以维持物体位置不变或抵消外部力的动作。手部保持近似静止，通过持续力输出抵消重力、反作用力等外部干扰。这是焊接辅助、装配辅助等协作任务的基础动作。,与L2-05-04的区别：静态抵持是单方向施力（如顶住、托住），夹紧固持是双向对压形成夹持。与L2-02-06的区别：静态抵持描述手臂对外部物体施加的抵持力（主要是手臂末端力输出），L2-02-06描述全身姿态的维持（主要是躯干平衡控制）。,阻抗控制/力控制,单臂/双臂/灵巧手,持握工件抵住焊接平台辅助焊接作业；用手顶住面板防止翻倒等待同事固定；托举管道保持在安装位置等待紧固,[抵持]-[抵力方向]-[持续时长]，示例：抵持-水平顶压-中长时间
1.0,L1-05,线性力施加,Linear Force Application,以沿直线或近似直线方向对外部对象施加推力、拉力、压力等平移力为核心特征的运动模式。该类动作的物理本质是机器人的末端执行器（手部）与外部对象之间存在主动的、以线性力为主导的力学交互。力的方向和大小是主要控制量，末端位移是力的结果或次要控制量。,判定归属L1-05的核心标准：动作的主要控制目标是施加特定方向和大小的线性力（平移力），而非跟踪特定轨迹。与L1-03的区别：L1-03在自由空间运动，不与环境产生主动力交互；L1-05必须有与外部对象的持续接触力。与L1-06的区别：L1-05施加的是平移力（沿直线方向），L1-06施加的是旋转力矩（绕轴方向）。与L1-07的区别：L1-05的运动路径由力的作用方向决定，L1-07的运动路径由物理几何约束决定。,L2-05-07,拨动切换,Toggle Flick Switching,用手指以快速的切向力拨动拨片、开关、拨杆等可活动部件使其在两个或多个离散状态之间切换的动作。力的方向主要平行于部件运动方向（切向），作用时间短，行程短。,与L2-05-01的区别：拨动的力方向平行于部件运动面（切向拨动），按压的力方向垂直于接触面（法向按压）。与L1-06的区别：拨动的行程短（通常<30mm）且为线性运动，旋转操作是绕轴的角度运动。若拨动行程>30mm或涉及连续旋转，归入L1-06。,位置控制/速度控制,手指/灵巧手,拨动配电柜上的断路器开关；切换设备面板上的拨片选择开关；拨动产线控制箱上的模式选择拨杆,[拨动]-[开关类型]-[切换方向]，示例：拨动-拨片开关-上下切换
1.0,L1-06,旋转操作,Rotational Manipulation,以绕某轴线施加旋转力矩为核心特征的运动模式。手部或手持工具在与对象保持接触的状态下，绕旋转中心进行角度运动，将旋转力矩传递给操作对象。该类动作的核心物理量是力矩和角位移，控制目标是扭矩-角度的协调控制。,判定归属L1-06的核心标准：动作的主要运动学特征是绕某轴线的旋转，且存在对外部对象的主动力矩传递。与L1-05的区别：L1-05施加线性平移力，L1-06施加绕轴旋转力矩。与L1-03 L2-03-04的区别：L1-03是在自由空间中旋转物体（无外部阻力矩），L1-06是克服外部阻力矩施加旋转（如螺纹阻力、阀门摩擦力）。判定标准：如果旋转过程中去除外部阻力矩则动作失去意义，属于L1-06。,L2-06-01,工具辅助旋拧,Tool-aided Rotational Fastening,借助手持旋转工具（螺丝刀、扳手、套筒等）对紧固件施加旋拧力矩的动作。工具作为力矩放大和传递的媒介，手的旋转运动通过工具转化为对紧固件的精确扭矩输出。,与L2-06-02的区别：本L2使用了专门的旋转工具，徒手旋拧仅使用裸手。与L2-06-03的区别：本L2操作的是紧固件（螺栓、螺钉、螺母），L2-06-03操作的是流体控制阀门。工具的使用不仅是效率差异，更意味着不同的力传递机制和控制策略（工具杠杆比、对中要求等）。,力-位混合控制,单臂/灵巧手/手指,用十字螺丝刀拧紧M4螺钉；用开口扳手拧紧M8法兰螺栓；用套筒扳手预紧轮毂螺母,[工具旋拧]-[工具类型]-[紧固件规格]，示例：工具旋拧-十字螺丝刀-M4螺钉
1.0,L1-06,旋转操作,Rotational Manipulation,以绕某轴线施加旋转力矩为核心特征的运动模式。手部或手持工具在与对象保持接触的状态下，绕旋转中心进行角度运动，将旋转力矩传递给操作对象。该类动作的核心物理量是力矩和角位移，控制目标是扭矩-角度的协调控制。,判定归属L1-06的核心标准：动作的主要运动学特征是绕某轴线的旋转，且存在对外部对象的主动力矩传递。与L1-05的区别：L1-05施加线性平移力，L1-06施加绕轴旋转力矩。与L1-03 L2-03-04的区别：L1-03是在自由空间中旋转物体（无外部阻力矩），L1-06是克服外部阻力矩施加旋转（如螺纹阻力、阀门摩擦力）。判定标准：如果旋转过程中去除外部阻力矩则动作失去意义，属于L1-06。,L2-06-02,徒手旋拧,Manual Twist Fastening,不使用工具，直接用手指或手掌对紧固件、盖子、旋钮等进行旋拧的动作。手指直接与旋转对象接触，通过指腹摩擦力传递旋转力矩，扭矩范围受手指力量限制。,与L2-06-01的区别：不使用任何辅助工具，手指直接接触旋转对象。与L2-06-06的区别：徒手旋拧涉及多圈或大角度旋转以实现紧固/松脱，角度微调仅涉及小角度精密调节。与L2-04-05的区别：徒手旋拧对外施加旋转力矩（有外部阻力矩），手内旋转在手内自由空间中旋转物体（无外部阻力矩）。,力-位混合控制,手指/灵巧手,手拧塑料螺母进行预紧固；旋开设备检修口的手拧螺帽；手拧瓶盖型容器的密封盖,[手拧]-[对象类型]-[旋转方向]，示例：手拧-蝶形螺母-顺时针紧固
1.0,L1-06,旋转操作,Rotational Manipulation,以绕某轴线施加旋转力矩为核心特征的运动模式。手部或手持工具在与对象保持接触的状态下，绕旋转中心进行角度运动，将旋转力矩传递给操作对象。该类动作的核心物理量是力矩和角位移，控制目标是扭矩-角度的协调控制。,判定归属L1-06的核心标准：动作的主要运动学特征是绕某轴线的旋转，且存在对外部对象的主动力矩传递。与L1-05的区别：L1-05施加线性平移力，L1-06施加绕轴旋转力矩。与L1-03 L2-03-04的区别：L1-03是在自由空间中旋转物体（无外部阻力矩），L1-06是克服外部阻力矩施加旋转（如螺纹阻力、阀门摩擦力）。判定标准：如果旋转过程中去除外部阻力矩则动作失去意义，属于L1-06。,L2-06-03,阀门旋转操作,Valve Rotary Operation,对手轮式阀门、旋转手柄等大直径旋转操纵件进行旋转操作的动作。与紧固件旋拧相比，旋转半径更大，通常需要整臂甚至双臂参与，力矩通过大直径手轮的杠杆效应放大。,与L2-06-01的区别：阀门操作的旋转对象是固定在管路或设备上的操纵机构（非可拆卸），且旋转半径通常>50mm。与L2-06-05的区别：阀门操作通常有明确的起止位置（全开/全关或特定开度），连续回转需要无限制连续旋转。,力控制/位置控制,双臂/单臂/灵巧手,旋转管路截止阀手轮控制流量；操作冷却水进出阀门；转动设备检修口的手轮式锁紧机构,[阀操]-[阀门类型]-[操作要求]，示例：阀操-截止阀手轮-全开至全闭
1.0,L1-06,旋转操作,Rotational Manipulation,以绕某轴线施加旋转力矩为核心特征的运动模式。手部或手持工具在与对象保持接触的状态下，绕旋转中心进行角度运动，将旋转力矩传递给操作对象。该类动作的核心物理量是力矩和角位移，控制目标是扭矩-角度的协调控制。,判定归属L1-06的核心标准：动作的主要运动学特征是绕某轴线的旋转，且存在对外部对象的主动力矩传递。与L1-05的区别：L1-05施加线性平移力，L1-06施加绕轴旋转力矩。与L1-03 L2-03-04的区别：L1-03是在自由空间中旋转物体（无外部阻力矩），L1-06是克服外部阻力矩施加旋转（如螺纹阻力、阀门摩擦力）。判定标准：如果旋转过程中去除外部阻力矩则动作失去意义，属于L1-06。,L2-06-04,旋转解锁脱开,Rotary Unlock and Disengage,通过特定角度的旋转运动使锁定机构脱开的动作，包括卡口（bayonet）连接器、旋转锁扣、安全旋盖等的解锁。旋转角度通常有限（<180°），且存在到位的触觉反馈（click或脱扣感）。,与L2-06-02的区别：旋转解锁的旋转角度有限（通常<180°），目的是改变锁定状态而非连续旋紧；徒手旋拧需要多圈旋转以改变紧固程度。与L2-05-03的区别：旋转解锁的主要运动是旋转，拉拔抽取的主要运动是线性拉出。若需先旋转再拉出，拆为两个原子动作。,力-位混合控制,灵巧手/手指/单臂,旋转卡口式传感器使其脱离安装座；旋开设备上的快拆旋钮；旋转解除安全盖板的锁定角度,[旋脱]-[锁定类型]-[解锁角度]，示例：旋脱-卡口连接器-逆时针90度
1.0,L1-06,旋转操作,Rotational Manipulation,以绕某轴线施加旋转力矩为核心特征的运动模式。手部或手持工具在与对象保持接触的状态下，绕旋转中心进行角度运动，将旋转力矩传递给操作对象。该类动作的核心物理量是力矩和角位移，控制目标是扭矩-角度的协调控制。,判定归属L1-06的核心标准：动作的主要运动学特征是绕某轴线的旋转，且存在对外部对象的主动力矩传递。与L1-05的区别：L1-05施加线性平移力，L1-06施加绕轴旋转力矩。与L1-03 L2-03-04的区别：L1-03是在自由空间中旋转物体（无外部阻力矩），L1-06是克服外部阻力矩施加旋转（如螺纹阻力、阀门摩擦力）。判定标准：如果旋转过程中去除外部阻力矩则动作失去意义，属于L1-06。,L2-06-05,连续回转驱动,Continuous Rotary Driving,以恒定速度或受控变速进行多圈连续旋转运动的动作，如手摇发电机、收卷手柄、千斤顶旋转手柄等。与间断性旋拧不同，强调旋转的连续性和速度均匀性。,与L2-06-01/02的区别：连续回转要求不间断的多圈旋转（>3圈），旋拧类动作通常需要在每旋转一定角度后松手重握。与L2-06-03的区别：连续回转的旋转角度无上限（持续旋转），阀门操作有明确的行程端点。,速度控制/力控制,单臂/灵巧手,摇动千斤顶升降手柄持续旋转抬升设备；旋转收线轮收卷多余线缆；转动手动泵手柄进行加压,[回转]-[驱动对象]-[速度要求]，示例：回转-千斤顶手柄-匀速中速
1.0,L1-06,旋转操作,Rotational Manipulation,以绕某轴线施加旋转力矩为核心特征的运动模式。手部或手持工具在与对象保持接触的状态下，绕旋转中心进行角度运动，将旋转力矩传递给操作对象。该类动作的核心物理量是力矩和角位移，控制目标是扭矩-角度的协调控制。,判定归属L1-06的核心标准：动作的主要运动学特征是绕某轴线的旋转，且存在对外部对象的主动力矩传递。与L1-05的区别：L1-05施加线性平移力，L1-06施加绕轴旋转力矩。与L1-03 L2-03-04的区别：L1-03是在自由空间中旋转物体（无外部阻力矩），L1-06是克服外部阻力矩施加旋转（如螺纹阻力、阀门摩擦力）。判定标准：如果旋转过程中去除外部阻力矩则动作失去意义，属于L1-06。,L2-06-06,角度精密微调,Fine Angular Adjustment,对旋转部件进行小角度（通常<30°）精密调节的动作，如调节精密定位旋钮、微调仪器刻度盘、校准角度设置等。需要极高的角度分辨率和稳定的手部控制。,与L2-06-02的区别：角度微调的旋转角度小（<30°），精度要求高（角度分辨率<1°），速度极低；徒手旋拧的旋转角度大，精度要求相对低。与L2-06-03的区别：微调对象通常是仪器旋钮而非工业阀门，尺寸更小，力矩更低。,位置控制,手指/灵巧手,微调测试仪器的量程选择旋钮；精密调节光学对准设备的角度旋钮；微调稳压电源的输出电压旋钮,[微调]-[旋钮类型]-[精度要求]，示例：微调-电压调节旋钮-0.5度精度
1.0,L1-06,旋转操作,Rotational Manipulation,以绕某轴线施加旋转力矩为核心特征的运动模式。手部或手持工具在与对象保持接触的状态下，绕旋转中心进行角度运动，将旋转力矩传递给操作对象。该类动作的核心物理量是力矩和角位移，控制目标是扭矩-角度的协调控制。,判定归属L1-06的核心标准：动作的主要运动学特征是绕某轴线的旋转，且存在对外部对象的主动力矩传递。与L1-05的区别：L1-05施加线性平移力，L1-06施加绕轴旋转力矩。与L1-03 L2-03-04的区别：L1-03是在自由空间中旋转物体（无外部阻力矩），L1-06是克服外部阻力矩施加旋转（如螺纹阻力、阀门摩擦力）。判定标准：如果旋转过程中去除外部阻力矩则动作失去意义，属于L1-06。,L2-06-07,往复摆转,Reciprocating Oscillatory Rotation,在有限角度范围内进行来回往复旋转的动作，如使用棘轮扳手时的往复运动、拧松卡涩螺栓时的前后摇摆等。单次旋转方向受限，需要反复换向以累积角位移。,与L2-06-01的区别：往复摆转强调反复换向的旋转模式（空间受限或需要棘轮效应），工具旋拧可以是单方向连续旋转。与L2-06-05的区别：往复摆转是有限角度范围内的来回运动，连续回转是单方向不间断旋转。,速度控制/位置控制,单臂/灵巧手,在狭窄空间使用棘轮扳手以小角度往复摆动拧紧螺栓；反复摇摆松动已锈蚀的旋转部件；在受限空间内以小角度往复拧动管接头,[摆拧]-[受限原因]-[摆动角度范围]，示例：摆拧-空间受限棘轮-45度往复
1.0,L1-07,约束路径操作,Constrained Path Operation,以沿物理几何约束定义的特定路径进行运动为核心特征的运动模式。运动自由度被对象的几何配合关系（孔-轴、槽-榫、铰链-销轴、导轨-滑块等）显著约束，末端执行器必须严格遵循由物理结构定义的运动路径，偏离将导致卡阻或损坏。,判定归属L1-07的核心标准：运动路径由两个物体之间的物理几何配合关系定义和约束，偏离此路径将导致物理干涉（卡死、损坏）。与L1-05的区别：L1-05的运动方向由施力方向决定，路径偏差不会导致卡阻；L1-07的路径由几何约束严格定义。与L1-06的区别：L1-06的旋转轴由紧固件螺纹定义，但旋转本身是核心运动；L1-07的核心是线性或复杂路径的跟踪。与L1-08的区别：L1-07的路径由刚性几何约束定义（离散的配合面），L1-08的路径沿连续的表面轮廓运动。,L2-07-01,直线插入,Linear Insertion,将零件沿直线路径插入到配合孔、槽、座中的动作（典型的peg-in-hole问题）。需要先完成对准（位置和姿态对齐），再沿轴向推入。对准精度和插入力的协调控制是核心挑战。,与L2-07-03的区别：直线插入仅需单轴方向的移动即可完成装配，多轴对位插接需要在多个方向同时满足约束。与L2-05-02的区别：直线插入的运动路径受配合间隙严格约束（偏差>配合间隙将卡住），持续推压无此几何约束。,力-位混合控制/阻抗控制,单臂/灵巧手,将销钉插入定位孔；将PCB板插入卡槽中；将轴承压入轴承座孔,[插入]-[配合类型]-[间隙等级]，示例：插入-轴孔配合-间隙0.05mm
1.0,L1-07,约束路径操作,Constrained Path Operation,以沿物理几何约束定义的特定路径进行运动为核心特征的运动模式。运动自由度被对象的几何配合关系（孔-轴、槽-榫、铰链-销轴、导轨-滑块等）显著约束，末端执行器必须严格遵循由物理结构定义的运动路径，偏离将导致卡阻或损坏。,判定归属L1-07的核心标准：运动路径由两个物体之间的物理几何配合关系定义和约束，偏离此路径将导致物理干涉（卡死、损坏）。与L1-05的区别：L1-05的运动方向由施力方向决定，路径偏差不会导致卡阻；L1-07的路径由几何约束严格定义。与L1-06的区别：L1-06的旋转轴由紧固件螺纹定义，但旋转本身是核心运动；L1-07的核心是线性或复杂路径的跟踪。与L1-08的区别：L1-07的路径由刚性几何约束定义（离散的配合面），L1-08的路径沿连续的表面轮廓运动。,L2-07-02,直线抽出,Linear Extraction,将零件沿直线路径从配合位置中精确抽出的动作，是直线插入的逆过程。抽出过程需要保持姿态对准以避免因偏斜导致卡涩，同时施加稳定的拔出力。,与L2-05-03的区别：直线抽出的运动路径受几何配合严格约束（偏斜>配合间隙将卡住），拉拔抽取的约束较松或无严格几何约束。判定标准：抽出过程中如果轴向偏斜1°以上就会导致卡死，属于本L2。与L2-07-01的区别：运动方向相反（插入vs抽出），但可能面临不同的力学特征（如过盈配合的抽出力分布与插入力不同）。,力-位混合控制,单臂/灵巧手,从精密配合孔中抽出定位销；从PCB板卡槽中垂直抽出子板；从模具中精确抽出型芯,[抽出]-[配合类型]-[抽出阻力]，示例：抽出-精密孔轴配合-中等过盈
1.0,L1-07,约束路径操作,Constrained Path Operation,以沿物理几何约束定义的特定路径进行运动为核心特征的运动模式。运动自由度被对象的几何配合关系（孔-轴、槽-榫、铰链-销轴、导轨-滑块等）显著约束，末端执行器必须严格遵循由物理结构定义的运动路径，偏离将导致卡阻或损坏。,判定归属L1-07的核心标准：运动路径由两个物体之间的物理几何配合关系定义和约束，偏离此路径将导致物理干涉（卡死、损坏）。与L1-05的区别：L1-05的运动方向由施力方向决定，路径偏差不会导致卡阻；L1-07的路径由几何约束严格定义。与L1-06的区别：L1-06的旋转轴由紧固件螺纹定义，但旋转本身是核心运动；L1-07的核心是线性或复杂路径的跟踪。与L1-08的区别：L1-07的路径由刚性几何约束定义（离散的配合面），L1-08的路径沿连续的表面轮廓运动。,L2-07-03,多轴对位插接,Multi-axis Alignment Mating,需要在多个平移和旋转自由度上同时满足对准要求后才能完成的装配动作。典型如多针连接器插接（需要X、Y对准+角度对准+Z方向插入），比单轴插入具有更高的对准复杂度。,与L2-07-01的区别：多轴对位需要同时控制≥3个自由度的对准（如XY位置+绕Z旋转+沿Z插入），单轴插入仅需1-2个自由度的对准。与L2-07-06的区别：多轴对位的装配通过连续推入完成，卡扣压合通过最终的弹性变形跳入完成。,力-位混合控制/视觉伺服,单臂/双臂/灵巧手,插接多针矩形电气连接器；将异形零件装配到对应的模具型腔中；将电路板多点对位安装到设备接口,[对接]-[接口类型]-[对准自由度数]，示例：对接-24针矩形连接器-4自由度对准
1.0,L1-07,约束路径操作,Constrained Path Operation,以沿物理几何约束定义的特定路径进行运动为核心特征的运动模式。运动自由度被对象的几何配合关系（孔-轴、槽-榫、铰链-销轴、导轨-滑块等）显著约束，末端执行器必须严格遵循由物理结构定义的运动路径，偏离将导致卡阻或损坏。,判定归属L1-07的核心标准：运动路径由两个物体之间的物理几何配合关系定义和约束，偏离此路径将导致物理干涉（卡死、损坏）。与L1-05的区别：L1-05的运动方向由施力方向决定，路径偏差不会导致卡阻；L1-07的路径由几何约束严格定义。与L1-06的区别：L1-06的旋转轴由紧固件螺纹定义，但旋转本身是核心运动；L1-07的核心是线性或复杂路径的跟踪。与L1-08的区别：L1-07的路径由刚性几何约束定义（离散的配合面），L1-08的路径沿连续的表面轮廓运动。,L2-07-04,导轨滑移,Guide Rail Sliding,沿导轨、滑槽、线性导向等线性约束结构推动或拉动可滑动部件的运动。运动自由度被导轨约束为一维，主要控制量是沿导轨方向的位置和速度。,与L2-07-01/02的区别：导轨滑移的行程长（通常>100mm），物体在整个行程中保持与导轨的配合状态，不存在装入/脱出过程；插入/抽出有明确的配合建立/解除过程。与L2-05-02的区别：导轨滑移受物理导轨约束，运动路径严格为直线；推压不受导轨约束。,位置控制/力-位混合控制,单臂/灵巧手,推动数控机床的防护滑门沿导轨滑动；拉动抽屉式刀具存储模块沿导轨抽出；推动设备面板沿滑轨移动到维修位置,[滑移]-[导轨类型]-[行程长度]，示例：滑移-直线导轨-500mm行程
1.0,L1-07,约束路径操作,Constrained Path Operation,以沿物理几何约束定义的特定路径进行运动为核心特征的运动模式。运动自由度被对象的几何配合关系（孔-轴、槽-榫、铰链-销轴、导轨-滑块等）显著约束，末端执行器必须严格遵循由物理结构定义的运动路径，偏离将导致卡阻或损坏。,判定归属L1-07的核心标准：运动路径由两个物体之间的物理几何配合关系定义和约束，偏离此路径将导致物理干涉（卡死、损坏）。与L1-05的区别：L1-05的运动方向由施力方向决定，路径偏差不会导致卡阻；L1-07的路径由几何约束严格定义。与L1-06的区别：L1-06的旋转轴由紧固件螺纹定义，但旋转本身是核心运动；L1-07的核心是线性或复杂路径的跟踪。与L1-08的区别：L1-07的路径由刚性几何约束定义（离散的配合面），L1-08的路径沿连续的表面轮廓运动。,L2-07-05,铰接开合,Hinged Opening and Closing,沿铰链或合页定义的圆弧路径打开或关闭可旋转部件的动作。运动自由度被约束为绕铰链轴线的旋转，末端需要沿圆弧轨迹运动。与L1-06的区别在于这里的旋转是被动跟随铰链约束而非主动施加力矩。,与L1-06的区别：铰接开合中旋转轴属于被操作部件的铰链，手部被动跟随圆弧轨迹；L1-06中旋转力矩是手主动施加的（如拧螺丝）。与L2-07-04的区别：铰接开合的路径是圆弧，导轨滑移的路径是直线。判定标准：被操作部件围绕固定铰链轴旋转的，属于本L2。,力-位混合控制,单臂/灵巧手,打开设备的铰链式检修门；掀起配电箱的翻盖式面板；关闭工业烤箱的铰链门,[开合]-[铰接部件]-[角度范围]，示例：开合-设备检修门-0至120度
1.0,L1-07,约束路径操作,Constrained Path Operation,以沿物理几何约束定义的特定路径进行运动为核心特征的运动模式。运动自由度被对象的几何配合关系（孔-轴、槽-榫、铰链-销轴、导轨-滑块等）显著约束，末端执行器必须严格遵循由物理结构定义的运动路径，偏离将导致卡阻或损坏。,判定归属L1-07的核心标准：运动路径由两个物体之间的物理几何配合关系定义和约束，偏离此路径将导致物理干涉（卡死、损坏）。与L1-05的区别：L1-05的运动方向由施力方向决定，路径偏差不会导致卡阻；L1-07的路径由几何约束严格定义。与L1-06的区别：L1-06的旋转轴由紧固件螺纹定义，但旋转本身是核心运动；L1-07的核心是线性或复杂路径的跟踪。与L1-08的区别：L1-07的路径由刚性几何约束定义（离散的配合面），L1-08的路径沿连续的表面轮廓运动。,L2-07-06,卡扣压合,Snap-fit Engagement,将零件推入直至弹性卡扣变形跳过卡位并锁定的装配动作。运动过程包含一个力的突变点——在卡扣弹性变形阶段力逐渐增大，在跳过卡位瞬间力突然下降并产生触觉/听觉反馈（click）。,与L2-07-01的区别：卡扣压合有明确的力突变特征（弹性变形→突然到位），直线插入的力变化连续平缓。与L2-05-02的区别：卡扣压合的终点由弹性卡扣的锁定位置严格定义，推压没有此类弹性锁定机制。判定标准：装配到位时有弹性卡扣的click反馈的，属于本L2。,力控制/力-位混合控制,单臂/灵巧手/手指,将塑料面板卡扣压入设备外壳；将线缆扎带头压入卡口锁定；将传感器探头压入弹性固定座,[卡接]-[卡扣类型]-[锁定方式]，示例：卡接-悬臂卡扣-单向锁定
1.0,L1-07,约束路径操作,Constrained Path Operation,以沿物理几何约束定义的特定路径进行运动为核心特征的运动模式。运动自由度被对象的几何配合关系（孔-轴、槽-榫、铰链-销轴、导轨-滑块等）显著约束，末端执行器必须严格遵循由物理结构定义的运动路径，偏离将导致卡阻或损坏。,判定归属L1-07的核心标准：运动路径由两个物体之间的物理几何配合关系定义和约束，偏离此路径将导致物理干涉（卡死、损坏）。与L1-05的区别：L1-05的运动方向由施力方向决定，路径偏差不会导致卡阻；L1-07的路径由几何约束严格定义。与L1-06的区别：L1-06的旋转轴由紧固件螺纹定义，但旋转本身是核心运动；L1-07的核心是线性或复杂路径的跟踪。与L1-08的区别：L1-07的路径由刚性几何约束定义（离散的配合面），L1-08的路径沿连续的表面轮廓运动。,L2-07-07,弹性形变装配,Elastic Deformation Assembly,通过使零件产生可恢复的弹性变形来实现装配的动作，如将弹性密封圈撑开套入轴上、将弹性卡箍撑开卡到管道上等。需要精确控制变形量，在弹性极限内完成装配。,与L2-07-06的区别：弹性形变装配需要操作者主动施力使零件持续变形并在变形状态下完成装配，卡扣压合是零件自身弹性在插入终点自动回弹锁定。与L2-07-01的区别：本L2的零件在装配前后形状不同（经历弹性变形），直线插入的零件形状始终不变。,力控制/阻抗控制,双臂/灵巧手/手指,将O型密封圈撑开装入沟槽；将弹性卡箍撑开套在软管接头上；将弹簧挡圈压缩装入轴槽,[弹装]-[弹性件类型]-[变形方式]，示例：弹装-O型圈-径向撑开套入
1.0,L1-08,表面随形运动,Surface-conforming Motion,以工具或末端执行器沿物体表面轮廓进行持续接触运动为核心特征的运动模式。运动轨迹由工件表面的几何形状定义，需要同时控制沿表面的切向进给运动和垂直于表面的法向接触力。该类动作的物理本质是在二维表面流形上的轨迹跟踪与力控制的耦合。,判定归属L1-08的核心标准：末端执行器在整个动作过程中保持与工件表面的持续接触，并沿表面进行有意义的切向位移（>50mm）。与L1-05的区别：L1-05在固定点施力，L1-08沿表面移动施力。与L1-07的区别：L1-07的路径由刚性几何配合（孔、槽、导轨）约束，L1-08的路径沿自由曲面轮廓运动，没有配合约束。与L1-09的区别：L1-08对表面施加工作力（加工、涂覆），L1-09仅为感知目的进行轻接触或非接触运动。,L2-08-01,平面研磨抛光,Flat Surface Grinding and Polishing,在平坦表面上使用研磨或抛光工具进行来回摩擦加工的动作。工具与工件之间保持恒定的法向压力，沿平面内进行直线或往复的切向运动。表面曲率为零，无需姿态自适应。,与L2-08-02的区别：平面研磨的工作面曲率为零（或近似为零，曲率半径>1000mm），无需工具姿态自适应；曲面打磨的工作面有显著曲率。与L2-08-05的区别：研磨抛光施加较大法向力（>5N）进行材料去除或表面改性，擦拭清洁的法向力很小（<5N）。,力-位混合控制,单臂/灵巧手,用砂纸打磨焊接接头的平面焊缝；用抛光布抛光金属面板表面；用百洁布研磨去除平面涂层,[平磨]-[加工目的]-[工具类型]，示例：平磨-焊缝打平-120目砂纸
1.0,L1-08,表面随形运动,Surface-conforming Motion,以工具或末端执行器沿物体表面轮廓进行持续接触运动为核心特征的运动模式。运动轨迹由工件表面的几何形状定义，需要同时控制沿表面的切向进给运动和垂直于表面的法向接触力。该类动作的物理本质是在二维表面流形上的轨迹跟踪与力控制的耦合。,判定归属L1-08的核心标准：末端执行器在整个动作过程中保持与工件表面的持续接触，并沿表面进行有意义的切向位移（>50mm）。与L1-05的区别：L1-05在固定点施力，L1-08沿表面移动施力。与L1-07的区别：L1-07的路径由刚性几何配合（孔、槽、导轨）约束，L1-08的路径沿自由曲面轮廓运动，没有配合约束。与L1-09的区别：L1-08对表面施加工作力（加工、涂覆），L1-09仅为感知目的进行轻接触或非接触运动。,L2-08-02,曲面适形打磨,Curved Surface Adaptive Polishing,在曲面工件表面上进行打磨或抛光的动作。工具需要实时调整姿态以保持与曲面法线方向的对准，同时维持恒定的法向接触力。控制复杂度因需要表面法向的动态跟踪而显著增加。,与L2-08-01的区别：工作面具有显著曲率（曲率半径<1000mm），需要工具姿态自适应。与L2-08-06的区别：曲面打磨是在面域上进行的大面积加工，边缘去毛刺是沿线（边缘）进行的线状加工。,力-位混合控制/阻抗控制,单臂/灵巧手,打磨铸件的曲面过渡区域；抛光不锈钢弯管的外表面；打磨汽车零件的曲面造型面,[曲磨]-[曲面类型]-[曲率范围]，示例：曲磨-凸曲面过渡区-半径50至200mm
1.0,L1-08,表面随形运动,Surface-conforming Motion,以工具或末端执行器沿物体表面轮廓进行持续接触运动为核心特征的运动模式。运动轨迹由工件表面的几何形状定义，需要同时控制沿表面的切向进给运动和垂直于表面的法向接触力。该类动作的物理本质是在二维表面流形上的轨迹跟踪与力控制的耦合。,判定归属L1-08的核心标准：末端执行器在整个动作过程中保持与工件表面的持续接触，并沿表面进行有意义的切向位移（>50mm）。与L1-05的区别：L1-05在固定点施力，L1-08沿表面移动施力。与L1-07的区别：L1-07的路径由刚性几何配合（孔、槽、导轨）约束，L1-08的路径沿自由曲面轮廓运动，没有配合约束。与L1-09的区别：L1-08对表面施加工作力（加工、涂覆），L1-09仅为感知目的进行轻接触或非接触运动。,L2-08-03,路径喷涂涂覆,Path-following Spray Coating,手持喷枪或涂覆工具沿预定路径在工件表面上进行喷涂或涂覆的动作。与研磨不同，工具与表面之间保持一定距离（枪距），控制重点在于路径覆盖均匀性、枪距恒定和移动速度一致性。,与L2-08-01/02的区别：喷涂工具不与表面直接接触，保持一定距离（枪距10-300mm）；研磨打磨工具与表面直接接触。与L2-08-04的区别：喷涂涂覆是面域性覆盖（涂覆宽度>10mm），涂胶密封是线性跟踪（胶线宽度<10mm）。,位置控制/速度控制,单臂/灵巧手,手持喷枪对设备外壳进行防腐喷漆；对清洁后的零件表面喷涂防锈剂；对模具表面喷涂脱模剂,[喷涂]-[涂料类型]-[工件面积]，示例：喷涂-防腐漆-中型面板
1.0,L1-08,表面随形运动,Surface-conforming Motion,以工具或末端执行器沿物体表面轮廓进行持续接触运动为核心特征的运动模式。运动轨迹由工件表面的几何形状定义，需要同时控制沿表面的切向进给运动和垂直于表面的法向接触力。该类动作的物理本质是在二维表面流形上的轨迹跟踪与力控制的耦合。,判定归属L1-08的核心标准：末端执行器在整个动作过程中保持与工件表面的持续接触，并沿表面进行有意义的切向位移（>50mm）。与L1-05的区别：L1-05在固定点施力，L1-08沿表面移动施力。与L1-07的区别：L1-07的路径由刚性几何配合（孔、槽、导轨）约束，L1-08的路径沿自由曲面轮廓运动，没有配合约束。与L1-09的区别：L1-08对表面施加工作力（加工、涂覆），L1-09仅为感知目的进行轻接触或非接触运动。,L2-08-04,线性涂胶密封,Linear Sealant and Adhesive Application,沿工件的接缝、边缘或预定线路精确涂布胶粘剂或密封胶的动作。胶线的宽度、高度和连续性是质量控制的关键参数，需要精确控制移动速度与出胶量的匹配关系。,与L2-08-03的区别：涂胶是沿线进行的窄带涂覆（宽度<10mm），喷涂是面域性覆盖。与L2-08-06的区别：涂胶是添加材料到表面上，去毛刺是从表面去除材料。涂覆路径为线状，且涉及精确的流量控制。,位置控制/速度控制,单臂/灵巧手,沿箱体接合面涂布密封胶；在PCB板边缘涂覆导热胶；沿车门内板焊缝涂布密封胶条,[涂胶]-[胶种]-[路径形状]，示例：涂胶-硅酮密封胶-矩形环路
1.0,L1-08,表面随形运动,Surface-conforming Motion,以工具或末端执行器沿物体表面轮廓进行持续接触运动为核心特征的运动模式。运动轨迹由工件表面的几何形状定义，需要同时控制沿表面的切向进给运动和垂直于表面的法向接触力。该类动作的物理本质是在二维表面流形上的轨迹跟踪与力控制的耦合。,判定归属L1-08的核心标准：末端执行器在整个动作过程中保持与工件表面的持续接触，并沿表面进行有意义的切向位移（>50mm）。与L1-05的区别：L1-05在固定点施力，L1-08沿表面移动施力。与L1-07的区别：L1-07的路径由刚性几何配合（孔、槽、导轨）约束，L1-08的路径沿自由曲面轮廓运动，没有配合约束。与L1-09的区别：L1-08对表面施加工作力（加工、涂覆），L1-09仅为感知目的进行轻接触或非接触运动。,L2-08-05,表面擦拭清洁,Surface Wiping and Cleaning,使用布、海绵、刮板等工具在物体表面进行擦拭清洁的动作。施加较轻的法向压力，以往复或单向运动去除表面污渍、液体或粉尘。与打磨的区别在于不以材料去除为目的。,与L2-08-01的区别：擦拭清洁的法向力<5N，不造成基材去除或表面改性；研磨抛光的法向力>5N，以材料去除或表面改性为目的。与L1-09的区别：擦拭清洁是对表面进行物理清洁作业，不是为了获取感知信息。,力-位混合控制,单臂/灵巧手,用无尘布擦拭光学镜片表面；用清洁布擦拭设备显示屏；用棉纱擦拭加工后工件表面的切削液残留,[擦拭]-[清洁对象]-[清洁方式]，示例：擦拭-光学表面-无尘布单向拭
1.0,L1-08,表面随形运动,Surface-conforming Motion,以工具或末端执行器沿物体表面轮廓进行持续接触运动为核心特征的运动模式。运动轨迹由工件表面的几何形状定义，需要同时控制沿表面的切向进给运动和垂直于表面的法向接触力。该类动作的物理本质是在二维表面流形上的轨迹跟踪与力控制的耦合。,判定归属L1-08的核心标准：末端执行器在整个动作过程中保持与工件表面的持续接触，并沿表面进行有意义的切向位移（>50mm）。与L1-05的区别：L1-05在固定点施力，L1-08沿表面移动施力。与L1-07的区别：L1-07的路径由刚性几何配合（孔、槽、导轨）约束，L1-08的路径沿自由曲面轮廓运动，没有配合约束。与L1-09的区别：L1-08对表面施加工作力（加工、涂覆），L1-09仅为感知目的进行轻接触或非接触运动。,L2-08-06,边缘去毛刺修整,Edge Deburring and Trimming,沿工件棱边使用刮刀、锉刀或砂纸去除加工毛刺和锐边的动作。工具沿三维空间中的棱边线轨迹运动，需要同时控制工具对棱边的法向压力和沿棱边的切向进给。,与L2-08-01/02的区别：去毛刺沿工件的棱边（一维线轨迹）进行，研磨打磨在面域（二维面）上进行。与L2-08-04的区别：去毛刺是去除材料，涂胶是添加材料。工具接触区域为线状接触而非面接触。,力-位混合控制/视觉伺服,单臂/灵巧手/手指,用去毛刺刀沿铝合金零件的加工棱边刮除毛刺；用锉刀修整钣金件的剪切边缘；用砂纸块打磨3D打印件的分层边缘,[去刺]-[边缘类型]-[工具类型]，示例：去刺-铣削棱边-旋转去刺刀
1.0,L1-08,表面随形运动,Surface-conforming Motion,以工具或末端执行器沿物体表面轮廓进行持续接触运动为核心特征的运动模式。运动轨迹由工件表面的几何形状定义，需要同时控制沿表面的切向进给运动和垂直于表面的法向接触力。该类动作的物理本质是在二维表面流形上的轨迹跟踪与力控制的耦合。,判定归属L1-08的核心标准：末端执行器在整个动作过程中保持与工件表面的持续接触，并沿表面进行有意义的切向位移（>50mm）。与L1-05的区别：L1-05在固定点施力，L1-08沿表面移动施力。与L1-07的区别：L1-07的路径由刚性几何配合（孔、槽、导轨）约束，L1-08的路径沿自由曲面轮廓运动，没有配合约束。与L1-09的区别：L1-08对表面施加工作力（加工、涂覆），L1-09仅为感知目的进行轻接触或非接触运动。,L2-08-07,焊缝路径跟随,Weld Seam Path Tracking,沿焊缝轨迹引导焊接辅助工具或检测探头运动的动作。焊缝是三维空间中不规则的曲线路径，需要实时感知焊缝位置并调整工具姿态以保持对焊缝中心线的跟踪。,与L2-08-06的区别：焊缝路径是由前序焊接工艺形成的不规则三维曲线，去毛刺的棱边是由零件几何定义的规则或准规则边缘。与L2-09-03的区别：焊缝跟随过程中工具对焊缝有持续接触力作用（如打磨、探伤），L2-09-03仅为视觉扫描无力交互。,视觉伺服/力-位混合控制,单臂/灵巧手,沿焊缝轨迹引导超声波探伤探头进行缺陷检测；沿焊缝路径进行焊后打磨整形；沿焊缝喷涂防腐涂层,[焊缝跟随]-[焊缝类型]-[作业目的]，示例：焊缝跟随-对接焊缝-焊后打磨
1.0,L1-09,感知定位运动,Perception-oriented Positioning,以将传感器（视觉、触觉、听觉等）定位到信息采集所需的最优位姿为核心目的的身体运动。该类动作的物理运动本身可能很简单（转头、伸手等），但其意义完全在于服务感知信息的获取，而非对外部物体施加任何工作力或改变任何物理状态。,判定归属L1-09的核心标准：动作的唯一目的是获取感知信息，不对外部对象产生任何有意义的物理状态改变。与L1-03的区别：如果伸手的目的是准备抓取物体，归入L1-03；如果伸手的目的是将手上的传感器接近检测目标，归入L1-09。与L1-08的区别：L1-08的表面接触是为了施加工作力（打磨、涂覆），L1-09的接触（如触觉探测）仅为获取触觉信息。与L1-02的区别：如果弯腰是为了让头部摄像头对准检测目标，弯腰归入L1-02，但视觉对准动作本身归入L1-09。,L2-09-01,视觉注视对准,Visual Gaze Alignment,转动头部（或搭载相机的部位）使视觉传感器的光轴对准目标物体或区域的运动。核心控制量是视线方向与目标方向的角度偏差最小化。,与L2-09-02的区别：视觉注视仅改变视线方向（角度调整），不改变传感器与目标之间的距离；贴近检视需要移动传感器接近目标（距离调整）。与L2-09-03的区别：注视是对单一目标的对准，扫描巡视是对区域的系统性覆盖。,位置控制/视觉伺服,头部,转头注视设备指示灯查看状态；将视线对准传送带上经过的工件进行外观检查；注视操作面板确认参数显示,[注视]-[目标类型]-[观察目的]，示例：注视-设备指示灯-状态确认
1.0,L1-09,感知定位运动,Perception-oriented Positioning,以将传感器（视觉、触觉、听觉等）定位到信息采集所需的最优位姿为核心目的的身体运动。该类动作的物理运动本身可能很简单（转头、伸手等），但其意义完全在于服务感知信息的获取，而非对外部物体施加任何工作力或改变任何物理状态。,判定归属L1-09的核心标准：动作的唯一目的是获取感知信息，不对外部对象产生任何有意义的物理状态改变。与L1-03的区别：如果伸手的目的是准备抓取物体，归入L1-03；如果伸手的目的是将手上的传感器接近检测目标，归入L1-09。与L1-08的区别：L1-08的表面接触是为了施加工作力（打磨、涂覆），L1-09的接触（如触觉探测）仅为获取触觉信息。与L1-02的区别：如果弯腰是为了让头部摄像头对准检测目标，弯腰归入L1-02，但视觉对准动作本身归入L1-09。,L2-09-02,近距贴近检视,Close-range Inspection Approach,将传感器（通常是相机或人眼等效）从当前位置移动到接近目标表面的近距位置以获取细节信息的运动。目的是缩短传感器与目标之间的距离以提高空间分辨率或聚焦清晰度。,与L2-09-01的区别：贴近检视需要改变传感器到目标的距离（通常<200mm），注视对准仅改变角度。与L2-09-04的区别：贴近检视不与目标产生物理接触，保持非接触距离；触觉探测需要与目标物理接触。,位置控制/视觉伺服,头部/单臂,将头部靠近PCB板检查焊点质量；将相机手靠近工件表面检查裂纹；贴近设备铭牌读取小字信息,[贴检]-[检查对象]-[检查目标]，示例：贴检-焊点表面-虚焊检查
1.0,L1-09,感知定位运动,Perception-oriented Positioning,以将传感器（视觉、触觉、听觉等）定位到信息采集所需的最优位姿为核心目的的身体运动。该类动作的物理运动本身可能很简单（转头、伸手等），但其意义完全在于服务感知信息的获取，而非对外部物体施加任何工作力或改变任何物理状态。,判定归属L1-09的核心标准：动作的唯一目的是获取感知信息，不对外部对象产生任何有意义的物理状态改变。与L1-03的区别：如果伸手的目的是准备抓取物体，归入L1-03；如果伸手的目的是将手上的传感器接近检测目标，归入L1-09。与L1-08的区别：L1-08的表面接触是为了施加工作力（打磨、涂覆），L1-09的接触（如触觉探测）仅为获取触觉信息。与L1-02的区别：如果弯腰是为了让头部摄像头对准检测目标，弯腰归入L1-02，但视觉对准动作本身归入L1-09。,L2-09-03,区域扫描巡视,Area Scanning Patrol,按照预定路径或覆盖模式，将传感器在目标区域上进行系统性扫描运动以采集完整的区域信息。强调扫描的覆盖完整性和系统性，运动轨迹通常为栅格、蛇形或螺旋形。,与L2-09-01的区别：扫描巡视覆盖一个面域或空间体积，注视对准仅针对单一目标点。与L2-08-07的区别：扫描巡视不与表面产生工作力接触（非接触式或仅轻触），焊缝跟随有持续的接触力作用。扫描覆盖面积>0.1m²或扫描路径长度>0.5m时归入本L2。,位置控制/速度控制,头部/单臂,头部缓慢转动扫视产线全景进行安全巡检；手持检测仪沿设备表面做栅格扫描检测缺陷；在仓库货架间行走时系统性扫视各层物料状态,[扫检]-[扫描区域]-[扫描模式]，示例：扫检-设备外壳表面-栅格扫描
1.0,L1-09,感知定位运动,Perception-oriented Positioning,以将传感器（视觉、触觉、听觉等）定位到信息采集所需的最优位姿为核心目的的身体运动。该类动作的物理运动本身可能很简单（转头、伸手等），但其意义完全在于服务感知信息的获取，而非对外部物体施加任何工作力或改变任何物理状态。,判定归属L1-09的核心标准：动作的唯一目的是获取感知信息，不对外部对象产生任何有意义的物理状态改变。与L1-03的区别：如果伸手的目的是准备抓取物体，归入L1-03；如果伸手的目的是将手上的传感器接近检测目标，归入L1-09。与L1-08的区别：L1-08的表面接触是为了施加工作力（打磨、涂覆），L1-09的接触（如触觉探测）仅为获取触觉信息。与L1-02的区别：如果弯腰是为了让头部摄像头对准检测目标，弯腰归入L1-02，但视觉对准动作本身归入L1-09。,L2-09-04,触觉探测检查,Tactile Probing Inspection,将手指或触觉传感器轻触目标表面以获取触觉信息（温度、粗糙度、硬度、振动、凹凸等）的运动。接触力远小于加工力（<2N），目的是感知物理属性而非改变物理状态。,与L1-08的区别：触觉探测的接触力<2N，不造成任何表面改变，纯粹为获取触觉信息；L1-08的接触力用于加工或涂覆，会改变表面状态。与L2-09-02的区别：触觉探测需要物理接触，贴近检视保持非接触。接触目的纯粹为感知信息采集时，归入本L2。,力控制/阻抗控制,手指/灵巧手/单臂,手指触摸设备外壳判断异常发热点；触摸管道表面感知异常振动；轻触工件表面检查毛刺或凹陷,[触探]-[感知属性]-[目标部位]，示例：触探-温度异常-电机外壳
1.0,L1-09,感知定位运动,Perception-oriented Positioning,以将传感器（视觉、触觉、听觉等）定位到信息采集所需的最优位姿为核心目的的身体运动。该类动作的物理运动本身可能很简单（转头、伸手等），但其意义完全在于服务感知信息的获取，而非对外部物体施加任何工作力或改变任何物理状态。,判定归属L1-09的核心标准：动作的唯一目的是获取感知信息，不对外部对象产生任何有意义的物理状态改变。与L1-03的区别：如果伸手的目的是准备抓取物体，归入L1-03；如果伸手的目的是将手上的传感器接近检测目标，归入L1-09。与L1-08的区别：L1-08的表面接触是为了施加工作力（打磨、涂覆），L1-09的接触（如触觉探测）仅为获取触觉信息。与L1-02的区别：如果弯腰是为了让头部摄像头对准检测目标，弯腰归入L1-02，但视觉对准动作本身归入L1-09。,L2-09-05,听觉定位侧听,Acoustic Localization Listening,调整头部或身体朝向以优化声音接收效果，用于定位异常声源或判断设备运行声音特征的运动。通过改变耳部（麦克风）的朝向和位置来提高声音信号的信噪比。,与L2-09-01的区别：听觉定位的目标是声源方向优化，视觉注视的目标是视线方向优化。与L2-09-04的区别：听觉定位不与目标产生物理接触，触觉探测需要接触。若同时涉及视觉和听觉定位，按主要感知通道归类。,位置控制,头部/全身,侧耳贴近电机外壳听异常噪音；转头朝向异常声源方向进行声源定位；将头部靠近气动管路听泄漏气流声,[侧听]-[声音类型]-[声源位置]，示例：侧听-异常摩擦声-减速箱处
1.0,L1-09,感知定位运动,Perception-oriented Positioning,以将传感器（视觉、触觉、听觉等）定位到信息采集所需的最优位姿为核心目的的身体运动。该类动作的物理运动本身可能很简单（转头、伸手等），但其意义完全在于服务感知信息的获取，而非对外部物体施加任何工作力或改变任何物理状态。,判定归属L1-09的核心标准：动作的唯一目的是获取感知信息，不对外部对象产生任何有意义的物理状态改变。与L1-03的区别：如果伸手的目的是准备抓取物体，归入L1-03；如果伸手的目的是将手上的传感器接近检测目标，归入L1-09。与L1-08的区别：L1-08的表面接触是为了施加工作力（打磨、涂覆），L1-09的接触（如触觉探测）仅为获取触觉信息。与L1-02的区别：如果弯腰是为了让头部摄像头对准检测目标，弯腰归入L1-02，但视觉对准动作本身归入L1-09。,L2-09-06,测量工具定位,Measurement Tool Positioning,将手持的测量工具（卡尺、量规、测温枪、振动检测仪等）精确定位到测量所需的位置和姿态的运动。测量精度高度依赖于工具的定位精度和稳定性。,与L2-03-01的区别：测量工具定位的目的是进行测量数据采集，空载伸达的目的是为其他操作做准备。与L2-09-04的区别：测量工具定位使用专门的测量工具，触觉探测使用手指或通用触觉传感器。使用专用测量仪器进行的定位动作归入本L2。,位置控制/视觉伺服,单臂/灵巧手,将游标卡尺放置到零件上测量尺寸；将红外测温枪对准电气接头测量温度；将振动传感器抵住轴承座测量振动值,[测量定位]-[测量工具]-[测量参数]，示例：测量定位-红外测温枪-接头温度
1.0,L1-09,感知定位运动,Perception-oriented Positioning,以将传感器（视觉、触觉、听觉等）定位到信息采集所需的最优位姿为核心目的的身体运动。该类动作的物理运动本身可能很简单（转头、伸手等），但其意义完全在于服务感知信息的获取，而非对外部物体施加任何工作力或改变任何物理状态。,判定归属L1-09的核心标准：动作的唯一目的是获取感知信息，不对外部对象产生任何有意义的物理状态改变。与L1-03的区别：如果伸手的目的是准备抓取物体，归入L1-03；如果伸手的目的是将手上的传感器接近检测目标，归入L1-09。与L1-08的区别：L1-08的表面接触是为了施加工作力（打磨、涂覆），L1-09的接触（如触觉探测）仅为获取触觉信息。与L1-02的区别：如果弯腰是为了让头部摄像头对准检测目标，弯腰归入L1-02，但视觉对准动作本身归入L1-09。,L2-09-07,标识读取定位,Label and Code Reading Positioning,将视觉传感器对准标签、条码、铭牌、仪表盘面等信息载体，调整角度和距离以确保信息可清晰识别的运动。需要同时满足视角、距离、光照条件的要求以获得可读的图像。,与L2-09-01的区别：标识读取对视角、距离和聚焦有更严格的要求（需要OCR或条码解码可用的图像质量），一般注视仅需要目标进入视野。与L2-09-02的区别：标识读取的目标是结构化信息（文字、编码），贴近检视的目标是非结构化表面细节（裂纹、瑕疵）。,位置控制/视觉伺服,头部/单臂,对准设备仪表盘读取压力值和温度值；扫描物料包装上的二维码获取批次信息；读取设备铭牌上的型号和参数,[读取]-[信息载体类型]-[读取目的]，示例：读取-压力表盘-压力数值
