rank,process_step,category,scene_count,industry_count,avg_value_score,avg_difficulty_score,value_density,intervention_roi,avg_labor_urgency,avg_scale_potential,avg_superhuman_value,avg_operation_complexity,avg_structure_level,avg_fault_tolerance,avg_takt_pressure,top_industries,recommendation
1,包装,包装成品,23,18,3.65,1.53,83.95,54.87,3.22,4.52,3.22,2.22,3.83,3.83,3.43,其他制造业(3)；化学原料和化学制品制造业(2)；非金属矿物制品业(2),推荐
2,原料入库,仓储物流,16,13,3.56,1.42,56.96,40.11,3.44,4.12,3.12,2.12,3.12,4.12,4.19,化学纤维制造业(2)；食品制造业(2)；专用设备制造业(2),推荐
3,检测,检测质控,14,7,4.05,1.43,56.7,39.65,3.43,4.07,4.64,2.29,4.57,3.79,3.21,橡胶和塑料制品业(3)；有色金属冶炼和压延加工业(3)；通用设备制造业(3),推荐
4,总装,其他工序,13,2,3.97,2.29,51.61,22.54,3.23,4.69,4.0,3.23,3.69,2.92,2.46,汽车制造业(11)；通用设备制造业(2),可考虑
5,设备维护,巡检维护,13,3,3.82,1.63,49.66,30.47,3.54,3.92,4.0,2.92,3.08,3.62,4.69,石油和天然气开采业(10)；其他采矿业(2)；水的生产和供应业(1),可考虑
6,检验,检测质控,12,6,3.75,1.35,45.0,33.33,3.33,3.5,4.42,2.17,4.17,4.0,3.58,非金属矿物制品业(4)；纺织业(3)；专用设备制造业(2),可考虑
7,配料称量,原料处理,10,6,3.83,1.68,38.3,22.8,3.8,3.7,4.0,2.6,3.8,3.1,4.0,化学原料和化学制品制造业(3)；橡胶和塑料制品业(2)；食品制造业(2),可考虑
8,灌装,其他工序,9,3,3.96,1.72,35.64,20.72,3.78,4.33,3.78,2.33,4.44,3.33,2.67,酒、饮料和精制茶制造业(5)；化学原料和化学制品制造业(2)；食品制造业(2),可考虑
9,质检,检测质控,9,4,3.81,1.17,34.29,29.31,3.0,4.11,4.33,1.78,3.56,4.22,4.33,医药制造业(3)；其他制造业(3)；印刷和记录媒介复制业(2),可考虑
10,采掘作业,其他工序,8,2,4.17,1.53,33.36,21.8,4.5,3.62,4.38,2.5,2.88,4.12,4.38,煤炭开采和洗选业(7)；黑色金属矿采选业(1),可考虑
11,检测测试,检测质控,8,1,3.88,1.19,31.04,26.08,3.5,3.62,4.5,2.75,4.0,4.38,4.62,仪器仪表制造业(8),可考虑
12,成品出库,仓储物流,8,8,3.79,1.31,30.32,23.15,3.38,4.75,3.25,1.75,4.0,3.88,3.62,纺织服装、服饰业(1)；造纸和纸制品业(1)；黑色金属冶炼和压延加工业(1),可考虑
13,涂装,其他工序,7,3,4.09,1.54,28.63,18.59,3.71,4.14,4.43,2.57,4.0,3.71,3.71,汽车制造业(5)；家具制造业(1)；铁路、船舶、航空航天和其他运输设备制造业(1),可考虑
14,功能测试,检测质控,8,5,3.54,1.0,28.32,28.32,2.75,3.75,4.12,2.12,4.38,4.88,3.88,文教、工美、体育和娱乐用品制造业(3)；计算机、通信和其他电子设备制造业(2)；通用设备制造业(1),可考虑
15,设备巡检,巡检维护,7,1,3.91,0.89,27.37,30.75,3.14,4.29,4.29,2.29,4.0,4.86,4.86,电力、热力生产和供应业(7),可考虑
16,破碎筛分,原料处理,7,3,3.86,1.64,27.02,16.48,4.14,4.0,3.43,2.86,3.29,3.71,4.29,黑色金属矿采选业(3)；非金属矿采选业(3)；有色金属矿采选业(1),可考虑
17,人工拆解,其他工序,6,1,4.17,2.04,25.02,12.26,4.33,4.0,4.17,3.83,3.33,3.0,4.33,废弃资源综合利用业(6),可考虑
18,码垛,包装成品,6,5,3.83,1.5,22.98,15.32,3.67,4.67,3.17,2.0,3.83,4.0,3.17,非金属矿物制品业(2)；造纸和纸制品业(1)；石油、煤炭及其他燃料加工业(1),可考虑
19,装配,加工制造,6,4,3.83,2.17,22.98,10.59,3.0,4.33,4.17,3.67,4.0,2.83,3.17,橡胶和塑料制品业(2)；汽车制造业(2)；通用设备制造业(1),可考虑
20,清洗,其他工序,6,4,3.78,1.33,22.68,17.05,3.67,3.83,3.83,2.33,4.17,3.83,4.0,通用设备制造业(2)；专用设备制造业(2)；计算机、通信和其他电子设备制造业(1),可考虑
21,采掘装载,其他工序,5,1,4.33,1.45,21.65,14.93,4.6,4.0,4.4,2.4,2.6,4.2,4.8,非金属矿采选业(5),可考虑
22,管网输配,其他工序,5,1,4.27,1.55,21.35,13.77,4.2,4.2,4.4,2.8,2.8,4.2,4.6,燃气生产和供应业(5),可考虑
23,熔炼,加工制造,5,1,4.2,1.3,21.0,16.15,5.0,3.8,3.8,2.6,4.0,4.0,4.4,有色金属冶炼和压延加工业(5),可考虑
24,设备维护检修,巡检维护,5,1,4.2,1.3,21.0,16.15,4.2,3.6,4.8,2.4,3.4,3.8,5.0,开采专业及辅助性活动(5),可考虑
25,成型,加工制造,6,5,3.45,1.96,20.7,10.56,3.5,3.5,3.33,3.17,3.83,3.0,3.5,食品制造业(2)；石油、煤炭及其他燃料加工业(1)；化学原料和化学制品制造业(1),可考虑
26,选矿,其他工序,5,1,4.07,1.5,20.35,13.57,4.0,4.2,4.0,2.8,3.8,3.6,4.4,有色金属矿采选业(5),可考虑
27,矿石运输,其他工序,5,2,4.0,1.5,20.0,13.33,4.2,4.0,3.8,2.4,3.2,4.0,4.2,黑色金属矿采选业(3)；有色金属矿采选业(2),可考虑
28,包装入库,仓储物流,6,4,3.28,1.38,19.68,14.26,2.5,4.17,3.17,2.17,4.0,4.17,3.5,纺织服装、服饰业(2)；皮革、毛皮、羽毛及其制品和制鞋业(2)；烟草制品业(1),待观察
29,人工分拣,其他工序,5,2,3.8,1.35,19.0,14.07,3.2,4.4,3.8,2.0,3.2,4.8,3.6,废弃资源综合利用业(4)；非金属矿采选业(1),待观察
30,选别作业,其他工序,5,1,3.74,1.45,18.7,12.9,3.0,4.2,4.0,2.6,4.0,3.6,4.2,黑色金属矿采选业(5),待观察
31,电解,加工制造,4,2,4.67,1.38,18.68,13.54,5.0,4.5,4.5,2.5,4.0,3.75,4.25,有色金属冶炼和压延加工业(2)；有色金属矿采选业(2),待观察
32,成品入库,仓储物流,5,4,3.73,1.3,18.65,14.35,3.2,4.4,3.6,1.8,3.6,4.0,4.0,医药制造业(2)；烟草制品业(1)；农副食品加工业(1),待观察
33,搬运码垛,仓储物流,5,2,3.67,1.3,18.35,14.12,4.0,4.4,2.6,1.6,3.6,4.0,3.8,文教、工美、体育和娱乐用品制造业(4)；电气机械和器材制造业(1),待观察
34,储存,仓储物流,4,2,4.42,1.0,17.68,17.68,4.25,4.75,4.25,2.0,3.75,4.5,4.75,石油、煤炭及其他燃料加工业(3)；化学原料和化学制品制造业(1),待观察
35,整车检测,检测质控,4,2,4.25,0.75,17.0,22.67,3.0,5.0,4.75,1.5,4.5,4.75,4.25,汽车制造业(3)；铁路、船舶、航空航天和其他运输设备制造业(1),待观察
36,外观检测,检测质控,4,4,4.17,1.5,16.68,11.12,3.25,4.5,4.75,2.75,4.0,4.75,3.0,文教、工美、体育和娱乐用品制造业(1)；橡胶和塑料制品业(1)；金属制品业(1),待观察
37,缝制加工,加工制造,5,1,3.33,1.5,16.65,11.1,2.6,4.2,3.2,2.4,3.6,4.4,3.4,纺织服装、服饰业(5),待观察
38,装箱,包装成品,4,3,4.08,1.75,16.32,9.33,3.5,5.0,3.75,2.25,4.0,3.5,2.75,食品制造业(2)；非金属矿物制品业(1)；酒、饮料和精制茶制造业(1),待观察
39,吹炼熔炼,加工制造,4,1,4.08,1.38,16.32,11.83,4.5,3.5,4.25,2.5,4.0,4.0,4.0,黑色金属冶炼和压延加工业(4),待观察
40,热处理,加工制造,4,4,4.08,1.44,16.32,11.33,4.25,4.0,4.0,2.0,3.75,3.5,4.0,食品制造业(1)；金属制品业(1)；通用设备制造业(1),待观察
41,压片灌装,其他工序,4,1,4.0,1.12,16.0,14.29,3.5,4.0,4.5,2.25,4.75,4.0,4.0,医药制造业(4),待观察
42,整机装配,加工制造,4,3,3.92,2.12,15.68,7.4,3.0,4.5,4.25,3.75,4.0,3.25,3.0,仪器仪表制造业(2)；专用设备制造业(1)；计算机、通信和其他电子设备制造业(1),待观察
43,洗选加工,加工制造,4,2,3.83,1.5,15.32,10.21,3.5,3.75,4.25,2.5,3.5,3.75,4.25,煤炭开采和洗选业(3)；开采专业及辅助性活动(1),待观察
44,部件装配,加工制造,4,2,3.83,2.38,15.32,6.44,3.5,4.0,4.0,4.25,4.0,2.5,3.25,专用设备制造业(3)；铁路、船舶、航空航天和其他运输设备制造业(1),待观察
45,反应合成,加工制造,3,1,4.67,0.75,14.01,18.68,5.0,4.33,4.67,1.67,4.0,4.67,5.0,化学原料和化学制品制造业(3),待观察
46,卷绕成型,加工制造,4,1,3.5,2.0,14.0,7.0,3.25,4.5,2.75,2.75,3.75,3.0,3.0,化学纤维制造业(4),待观察
47,外观检验,检测质控,4,1,3.5,1.38,14.0,10.14,2.75,4.25,3.5,2.5,4.25,4.0,3.75,化学纤维制造业(4),待观察
48,常减压蒸馏,加工制造,3,1,4.56,1.08,13.68,12.67,4.33,4.67,4.67,2.33,4.0,4.33,4.67,石油、煤炭及其他燃料加工业(3),待观察
49,尾矿处理,环保安全,3,3,4.56,1.25,13.68,10.94,4.67,4.33,4.67,1.33,2.33,4.0,5.0,黑色金属矿采选业(1)；有色金属矿采选业(1)；开采专业及辅助性活动(1),待观察
50,烧成,加工制造,3,1,4.45,1.17,13.35,11.41,4.67,4.33,4.33,2.33,4.0,4.0,4.67,非金属矿物制品业(3),待观察
51,日常巡检,巡检维护,4,2,3.33,0.81,13.32,16.44,3.75,2.25,4.0,1.25,3.0,5.0,5.0,其他采矿业(3)；文教、工美、体育和娱乐用品制造业(1),待观察
52,通风排水,其他工序,3,1,4.44,1.33,13.32,10.02,4.33,4.33,4.67,2.33,4.33,3.33,4.33,煤炭开采和洗选业(3),待观察
53,矿石开采,其他工序,3,1,4.44,1.75,13.32,7.61,4.67,4.33,4.33,2.67,2.33,4.0,4.33,有色金属矿采选业(3),待观察
54,生产监控巡检,加工制造,3,1,4.44,1.25,13.32,10.66,4.67,4.0,4.67,2.33,4.0,3.33,5.0,开采专业及辅助性活动(3),待观察
55,聚合反应,加工制造,3,2,4.33,0.83,12.99,15.65,4.67,3.67,4.67,1.67,4.0,4.33,5.0,化学纤维制造业(2)；化学原料和化学制品制造业(1),待观察
56,发酵,其他工序,3,1,4.33,1.17,12.99,11.1,4.33,4.0,4.67,2.33,4.0,4.0,4.67,酒、饮料和精制茶制造业(3),待观察
57,平台维护,巡检维护,3,1,4.22,1.67,12.66,7.58,4.67,3.67,4.33,3.33,3.67,3.67,4.33,石油和天然气开采业(3),待观察
58,性能测试,检测质控,3,2,4.22,1.33,12.66,9.52,3.33,4.67,4.67,2.67,4.0,4.67,3.67,电气机械和器材制造业(2)；通用设备制造业(1),待观察
59,检选,其他工序,3,1,4.11,1.75,12.33,7.05,3.0,4.33,5.0,2.67,3.67,4.0,3.0,非金属矿物制品业(3),待观察
60,采油采气,其他工序,3,1,4.11,1.83,12.33,6.74,3.67,4.67,4.0,3.0,3.33,3.33,4.0,石油和天然气开采业(3),待观察
61,杀菌,其他工序,3,2,4.11,1.5,12.33,8.22,4.33,4.0,4.0,2.33,4.0,3.0,4.33,酒、饮料和精制茶制造业(2)；食品制造业(1),待观察
62,磨矿分级,其他工序,3,1,4.0,1.5,12.0,8.0,4.0,4.0,4.0,3.0,3.67,3.67,4.67,黑色金属矿采选业(3),待观察
63,冲压成型,加工制造,3,1,4.0,1.42,12.0,8.45,3.33,4.67,4.0,2.0,4.0,4.33,3.0,汽车制造业(3),待观察
64,组装装配,加工制造,3,1,4.0,2.5,12.0,4.8,3.0,4.67,4.33,4.0,4.0,2.33,2.67,计算机、通信和其他电子设备制造业(3),待观察
65,熔融纺丝,其他工序,3,1,3.89,1.42,11.67,8.22,4.0,3.67,4.0,2.67,4.0,3.33,4.67,化学纤维制造业(3),待观察
66,成品码垛,包装成品,3,3,3.89,1.5,11.67,7.78,3.67,4.67,3.33,2.0,4.0,3.67,3.33,农副食品加工业(1)；食品制造业(1)；金属制品业(1),待观察
67,内包装,包装成品,3,1,3.78,1.92,11.34,5.91,3.33,4.0,4.0,2.33,4.0,3.0,2.67,医药制造业(3),待观察
68,包装出库,仓储物流,3,1,3.78,1.42,11.34,7.99,2.67,5.0,3.67,2.0,4.0,4.0,3.33,化学纤维制造业(3),待观察
69,调试,其他工序,3,2,3.78,1.42,11.34,7.99,4.33,3.33,3.67,2.67,3.0,4.33,4.67,通用设备制造业(2)；专用设备制造业(1),待观察
70,焊装,其他工序,3,1,3.78,2.08,11.34,5.45,3.33,4.33,3.67,3.33,3.67,3.0,3.33,汽车制造业(3),待观察
71,部件组装,加工制造,3,1,3.78,1.5,11.34,7.56,3.33,4.33,3.67,3.0,3.0,4.0,5.0,金属制品、机械和设备修理业(3),待观察
72,组装,加工制造,3,2,3.67,2.25,11.01,4.89,3.0,4.33,3.67,3.67,3.33,3.33,3.0,家具制造业(2)；金属制品业(1),待观察
73,印刷,其他工序,3,1,3.55,1.83,10.65,5.82,3.33,4.0,3.33,2.67,3.67,3.33,3.33,印刷和记录媒介复制业(3),待观察
74,安全监控,巡检维护,2,1,4.83,1.0,9.66,9.66,4.5,5.0,5.0,2.0,3.0,5.0,5.0,石油和天然气开采业(2),待观察
75,熔化,其他工序,2,1,4.67,0.75,9.34,12.45,5.0,4.0,5.0,2.0,4.0,5.0,5.0,非金属矿物制品业(2),待观察
76,运输提升,其他工序,2,1,4.67,1.12,9.34,8.34,4.0,5.0,5.0,2.0,3.5,4.0,5.0,煤炭开采和洗选业(2),待观察
77,定期巡检,巡检维护,2,2,4.67,0.75,9.34,12.45,4.0,5.0,5.0,2.0,4.0,5.0,5.0,电气机械和器材制造业(1)；电力、热力生产和供应业(1),待观察
78,炼焦,其他工序,2,1,4.5,1.5,9.0,6.0,5.0,4.0,4.5,2.5,4.0,3.5,4.0,石油、煤炭及其他燃料加工业(2),待观察
79,煤气净化,其他工序,2,1,4.5,1.12,9.0,8.04,5.0,4.0,4.5,2.5,4.0,4.5,4.5,石油、煤炭及其他燃料加工业(2),待观察
80,电池包装配,加工制造,2,1,4.5,2.38,9.0,3.78,3.5,5.0,5.0,3.5,4.0,2.0,3.0,汽车制造业(2),待观察
81,维护检修,巡检维护,2,2,4.5,1.62,9.0,5.56,4.5,4.0,5.0,3.0,3.5,4.0,4.0,铁路、船舶、航空航天和其他运输设备制造业(1)；电力、热力生产和供应业(1),待观察
82,印后加工,加工制造,3,1,2.89,1.42,8.67,6.11,2.67,3.33,2.67,2.0,3.67,4.0,3.67,印刷和记录媒介复制业(3),待观察
83,储运,仓储物流,2,2,4.33,1.38,8.66,6.28,4.5,3.5,5.0,3.0,4.5,3.5,4.5,石油、煤炭及其他燃料加工业(1)；石油和天然气开采业(1),待观察
84,萃取分离,加工制造,2,2,4.33,0.75,8.66,11.55,5.0,3.0,5.0,2.0,4.0,5.0,5.0,有色金属冶炼和压延加工业(1)；有色金属矿采选业(1),待观察
85,表面处理,其他工序,2,2,4.33,1.75,8.66,4.95,5.0,4.0,4.0,2.5,3.0,3.5,4.0,有色金属冶炼和压延加工业(1)；专用设备制造业(1),待观察
86,井下运输,其他工序,2,1,4.33,1.38,8.66,6.28,4.0,4.5,4.5,2.5,4.0,3.5,4.5,非金属矿采选业(2),待观察
87,冷库仓储,仓储物流,2,1,4.33,1.25,8.66,6.93,5.0,4.0,4.0,2.0,4.0,4.0,4.0,农副食品加工业(2),待观察
88,内部检测,检测质控,2,1,4.33,1.0,8.66,8.66,5.0,3.0,5.0,2.5,4.5,4.5,4.5,金属制品业(2),待观察
89,洁净装配,加工制造,2,1,4.33,1.75,8.66,4.95,4.5,3.5,5.0,3.5,5.0,2.5,4.0,专用设备制造业(2),待观察
90,巡检维护,巡检维护,2,1,4.33,0.62,8.66,13.97,3.0,5.0,5.0,1.5,4.0,5.0,5.0,水的生产和供应业(2),待观察
91,坯布检验,检测质控,2,1,4.17,1.5,8.34,5.56,4.0,4.5,4.0,2.0,4.0,3.5,3.5,纺织业(2),待观察
92,成品检验,检测质控,2,2,4.17,1.38,8.34,6.04,3.5,4.5,4.5,2.5,4.5,4.0,3.5,皮革、毛皮、羽毛及其制品和制鞋业(1)；化学原料和化学制品制造业(1),待观察
93,注塑成型,加工制造,2,2,4.17,1.62,8.34,5.15,4.0,5.0,3.5,2.0,4.5,4.0,2.0,皮革、毛皮、羽毛及其制品和制鞋业(1)；专用设备制造业(1),待观察
94,烘干,其他工序,2,1,4.17,0.88,8.34,9.48,4.0,4.0,4.5,1.5,3.5,4.5,5.0,造纸和纸制品业(2),待观察
95,中间储存,仓储物流,2,1,4.17,1.38,8.34,6.04,4.0,4.5,4.0,3.0,4.0,3.5,5.0,化学原料和化学制品制造业(2),待观察
96,冻干封口,其他工序,2,1,4.17,1.38,8.34,6.04,4.5,3.0,5.0,2.0,5.0,2.5,4.0,医药制造业(2),待观察
97,连铸作业,其他工序,2,1,4.17,1.62,8.34,5.15,4.5,3.5,4.5,2.5,4.0,3.0,4.0,黑色金属冶炼和压延加工业(2),待观察
98,钻井作业,其他工序,2,1,4.17,1.75,8.34,4.77,4.5,4.0,4.0,3.5,4.0,3.5,4.0,石油和天然气开采业(2),待观察
99,井巷开拓,其他工序,2,1,4.17,0.88,8.34,9.48,4.5,3.0,5.0,2.0,4.0,4.5,5.0,黑色金属矿采选业(2),待观察
100,洗选分级,其他工序,2,1,4.17,1.12,8.34,7.45,4.0,4.0,4.5,2.5,3.5,4.5,5.0,非金属矿采选业(2),待观察
101,校准调试,其他工序,2,1,4.17,1.12,8.34,7.45,3.5,4.0,5.0,3.5,5.0,4.0,5.0,仪器仪表制造业(2),待观察
102,老化筛选,其他工序,2,1,4.17,0.5,8.34,16.68,4.0,3.5,5.0,2.0,5.0,5.0,5.0,仪器仪表制造业(2),待观察
103,卷接成型,加工制造,2,1,4.0,1.38,8.0,5.8,3.0,5.0,4.0,2.5,4.0,4.0,4.0,烟草制品业(2),待观察
104,染色,加工制造,2,1,4.0,2.0,8.0,4.0,4.5,4.0,3.5,2.5,3.5,3.0,3.0,纺织业(2),待观察
105,整烫定型,其他工序,2,1,4.0,2.12,8.0,3.77,5.0,3.5,3.5,3.0,4.0,2.5,3.0,纺织服装、服饰业(2),待观察
106,加工制造,加工制造,2,1,4.0,1.12,8.0,7.14,3.0,5.0,4.0,1.5,2.5,5.0,4.5,家具制造业(2),待观察
107,分装,其他工序,2,2,4.0,1.75,8.0,4.57,4.0,4.0,4.0,2.5,4.5,3.0,3.0,化学原料和化学制品制造业(1)；食品制造业(1),待观察
108,制粒混合,其他工序,2,1,4.0,1.12,8.0,7.14,3.5,4.0,4.5,2.0,4.5,4.0,4.0,医药制造业(2),待观察
109,称量配料,原料处理,2,1,4.0,1.88,8.0,4.26,4.0,3.5,4.5,3.0,4.0,2.5,4.0,医药制造业(2),待观察
110,出铁作业,其他工序,2,1,4.0,1.5,8.0,5.33,5.0,3.0,4.0,2.5,4.0,3.5,4.0,黑色金属冶炼和压延加工业(2),待观察
111,精轧,其他工序,2,1,4.0,1.5,8.0,5.33,3.5,4.5,4.0,3.0,4.0,4.0,4.0,黑色金属冶炼和压延加工业(2),待观察
112,出合金作业,其他工序,2,1,4.0,1.88,8.0,4.26,5.0,3.0,4.0,3.0,4.0,3.0,3.5,黑色金属冶炼和压延加工业(2),待观察
113,仓储堆存,仓储物流,2,1,4.0,1.25,8.0,6.4,3.5,3.5,5.0,1.0,2.0,4.5,4.5,煤炭开采和洗选业(2),待观察
114,蒸发浓缩,其他工序,2,2,4.0,0.5,8.0,16.0,4.5,3.5,4.0,1.0,4.0,5.0,5.0,非金属矿采选业(1)；农副食品加工业(1),待观察
115,试压检漏,其他工序,2,2,4.0,1.38,8.0,5.8,4.5,3.5,4.0,3.0,4.0,4.0,4.5,通用设备制造业(1)；金属制品、机械和设备修理业(1),待观察
116,焊接,加工制造,2,2,4.0,2.12,8.0,3.77,4.5,3.5,4.0,4.0,4.0,3.0,3.5,专用设备制造业(1)；计算机、通信和其他电子设备制造业(1),待观察
117,老化测试,检测质控,2,2,4.0,1.0,8.0,8.0,3.5,4.5,4.0,2.0,4.0,4.0,5.0,电气机械和器材制造业(1)；计算机、通信和其他电子设备制造业(1),待观察
118,元器件组装,加工制造,2,1,4.0,1.38,8.0,5.8,3.0,5.0,4.0,2.0,4.0,4.0,3.5,仪器仪表制造业(2),待观察
119,辐照处理,其他工序,2,1,4.0,1.25,8.0,6.4,5.0,2.0,5.0,2.5,4.0,3.5,5.0,其他制造业(2),待观察
120,清洗处理,其他工序,2,1,4.0,1.0,8.0,8.0,4.5,4.0,3.5,2.5,4.0,4.5,5.0,金属制品、机械和设备修理业(2),待观察
121,液化储存,仓储物流,2,1,4.0,1.25,8.0,6.4,4.0,3.5,4.5,3.0,4.0,4.0,5.0,燃气生产和供应业(2),待观察
122,消毒,其他工序,2,1,4.0,1.25,8.0,6.4,3.5,4.0,4.5,2.5,4.5,3.5,4.5,水的生产和供应业(2),待观察
123,织造,加工制造,2,1,3.83,1.25,7.66,6.13,3.5,4.0,4.0,2.5,4.0,4.0,4.5,纺织业(2),待观察
124,鞣制,其他工序,2,1,3.83,1.25,7.66,6.13,4.5,3.0,4.0,2.0,4.0,3.5,4.5,皮革、毛皮、羽毛及其制品和制鞋业(2),待观察
125,涂布,其他工序,2,2,3.83,1.88,7.66,4.07,4.0,4.0,3.5,2.5,4.5,2.5,3.0,造纸和纸制品业(1)；电气机械和器材制造业(1),待观察
126,焊接组装,加工制造,2,1,3.83,2.5,7.66,3.06,4.5,3.0,4.0,4.0,2.5,2.0,4.5,文教、工美、体育和娱乐用品制造业(2),待观察
127,发酵/热解,其他工序,2,1,3.83,1.25,7.66,6.13,4.0,3.5,4.0,2.5,4.0,4.0,4.5,石油、煤炭及其他燃料加工业(2),待观察
128,修边,其他工序,2,1,3.83,2.25,7.66,3.4,3.0,4.5,4.0,3.5,3.5,2.5,3.5,橡胶和塑料制品业(2),待观察
129,硫化,其他工序,2,1,3.83,2.25,7.66,3.4,4.5,3.5,3.5,3.5,4.0,2.0,3.5,橡胶和塑料制品业(2),待观察
130,石墨化,其他工序,2,1,3.83,1.38,7.66,5.55,4.5,3.0,4.0,2.5,4.0,3.5,4.5,非金属矿物制品业(2),待观察
131,分拣,其他工序,2,2,3.83,1.88,7.66,4.07,3.5,4.0,4.0,2.0,3.5,3.5,2.5,食品制造业(1)；酒、饮料和精制茶制造业(1),待观察
132,预处理,原料处理,2,1,3.83,1.62,7.66,4.73,4.0,4.0,3.5,2.5,3.5,3.5,4.0,食品制造业(2),待观察
133,分段焊接,加工制造,2,1,3.83,1.75,7.66,4.38,3.5,4.0,4.0,3.0,3.0,3.5,4.5,铁路、船舶、航空航天和其他运输设备制造业(2),待观察
134,复烤干燥,其他工序,2,1,3.67,0.62,7.34,11.84,3.0,3.5,4.5,1.5,4.0,5.0,5.0,烟草制品业(2),待观察
135,裁剪下料,其他工序,2,1,3.67,1.88,7.34,3.9,3.0,4.0,4.0,2.5,3.5,3.5,3.0,纺织服装、服饰业(2),待观察
136,涂饰整理,其他工序,2,1,3.67,1.88,7.34,3.9,4.0,3.5,3.5,2.5,4.0,2.5,3.5,皮革、毛皮、羽毛及其制品和制鞋业(2),待观察
137,脱模取件,其他工序,2,2,3.67,1.5,7.34,4.89,3.0,4.5,3.5,2.0,5.0,4.0,2.0,家具制造业(1)；橡胶和塑料制品业(1),待观察
138,折页配页,其他工序,2,1,3.67,1.62,7.34,4.53,3.5,4.0,3.5,2.0,4.0,3.5,3.0,印刷和记录媒介复制业(2),待观察
139,配料混合,原料处理,2,1,3.67,2.0,7.34,3.67,3.5,3.5,4.0,3.0,4.0,2.0,4.0,化学纤维制造业(2),待观察
140,精炼,加工制造,2,2,3.67,1.38,7.34,5.32,4.0,3.0,4.0,2.5,4.0,3.5,4.5,有色金属冶炼和压延加工业(1)；有色金属矿采选业(1),待观察
141,冷藏存储,其他工序,2,1,3.67,1.0,7.34,7.34,3.0,4.5,3.5,1.5,4.0,4.5,4.0,农副食品加工业(2),待观察
142,加工处理,加工制造,2,2,3.67,1.38,7.34,5.32,3.0,5.0,3.0,1.5,3.0,4.0,4.0,金属制品业(1)；其他制造业(1),待观察
143,测试,检测质控,2,1,3.67,0.75,7.34,9.79,2.5,4.0,4.5,1.5,5.0,4.5,4.0,汽车制造业(2),待观察
144,SMT贴片,其他工序,2,1,3.67,1.38,7.34,5.32,3.0,4.5,3.5,2.5,3.5,4.0,4.5,计算机、通信和其他电子设备制造业(2),待观察
145,制丝加工,加工制造,2,1,3.5,1.25,7.0,5.6,3.5,3.5,3.5,2.0,3.0,4.5,4.5,烟草制品业(2),待观察
146,针织编织,其他工序,2,1,3.5,1.75,7.0,4.0,3.0,4.0,3.5,3.0,4.0,3.5,3.5,纺织业(2),待观察
147,分切,其他工序,2,1,3.5,2.0,7.0,3.5,4.0,3.5,3.0,3.5,4.0,3.0,3.5,造纸和纸制品业(2),待观察
148,牵伸定型,其他工序,2,1,3.5,1.62,7.0,4.32,3.5,3.5,3.5,3.0,4.0,2.5,5.0,化学纤维制造业(2),待观察
149,勘探定位,其他工序,2,1,3.5,1.75,7.0,4.0,3.5,3.0,4.0,3.0,2.5,4.0,4.5,非金属矿采选业(2),待观察
150,总装集成,其他工序,2,1,3.5,2.25,7.0,3.11,4.0,2.0,4.5,4.5,5.0,1.5,4.0,铁路、船舶、航空航天和其他运输设备制造业(2),待观察
151,硫化定型,其他工序,2,1,3.33,1.5,6.66,4.44,3.5,4.0,2.5,2.5,4.5,3.5,3.5,皮革、毛皮、羽毛及其制品和制鞋业(2),待观察
152,干法纺丝,其他工序,2,1,3.33,1.88,6.66,3.54,4.0,2.0,4.0,4.5,4.5,2.5,5.0,化学纤维制造业(2),待观察
153,冷却破碎,原料处理,2,1,3.33,1.25,6.66,5.33,4.0,3.0,3.0,2.0,4.0,4.0,4.0,黑色金属冶炼和压延加工业(2),待观察
154,内饰安装,其他工序,2,1,3.33,1.38,6.66,4.83,3.0,2.5,4.5,2.5,4.0,3.5,4.5,铁路、船舶、航空航天和其他运输设备制造业(2),待观察
155,整车装配,加工制造,2,1,3.33,1.75,6.66,3.81,2.5,4.0,3.5,3.0,4.0,3.5,3.5,铁路、船舶、航空航天和其他运输设备制造业(2),待观察
156,缝制组装,加工制造,2,1,3.17,1.5,6.34,4.23,2.5,3.5,3.5,2.5,3.5,4.0,4.0,皮革、毛皮、羽毛及其制品和制鞋业(2),待观察
157,筛选,其他工序,2,1,3.17,1.0,6.34,6.34,3.0,3.0,3.5,2.0,3.5,4.5,5.0,造纸和纸制品业(2),待观察
158,装订,其他工序,2,1,3.17,1.88,6.34,3.37,3.0,3.5,3.0,3.0,4.0,3.5,3.0,印刷和记录媒介复制业(2),待观察
159,装配组装,加工制造,2,1,3.17,1.75,6.34,3.62,2.5,3.5,3.5,3.5,3.5,4.0,4.0,文教、工美、体育和娱乐用品制造业(2),待观察
160,精加工,加工制造,2,1,3.17,2.25,6.34,2.82,3.0,3.5,3.0,3.5,4.0,2.5,3.0,通用设备制造业(2),待观察
161,切割,其他工序,2,2,3.0,1.62,6.0,3.7,3.0,3.5,2.5,2.5,4.0,3.5,3.5,橡胶和塑料制品业(1)；非金属矿物制品业(1),待观察
162,陈酿储存,仓储物流,2,1,3.0,1.38,6.0,4.35,3.5,2.0,3.5,2.0,3.5,3.5,4.5,酒、饮料和精制茶制造业(2),待观察
163,铺展,其他工序,2,1,2.67,1.5,5.34,3.56,3.0,3.0,2.0,3.0,4.0,4.0,4.0,纺织业(2),待观察
164,编织成型,加工制造,2,2,2.5,2.12,5.0,2.36,3.0,2.5,2.0,4.5,3.0,3.0,5.0,木材加工和木、竹、藤、棕、草制品业(1)；文教、工美、体育和娱乐用品制造业(1),待观察
165,注液,其他工序,1,1,5.0,2.0,5.0,2.5,5.0,5.0,5.0,3.0,5.0,2.0,3.0,电气机械和器材制造业(1),待观察
166,合成,加工制造,1,1,4.67,0.75,4.67,6.23,5.0,4.0,5.0,2.0,4.0,5.0,5.0,石油、煤炭及其他燃料加工业(1),待观察
167,反应造粒,加工制造,1,1,4.67,0.5,4.67,9.34,5.0,4.0,5.0,1.0,4.0,5.0,5.0,化学原料和化学制品制造业(1),待观察
168,回转窑煅烧,加工制造,1,1,4.67,0.75,4.67,6.23,5.0,4.0,5.0,2.0,4.0,5.0,5.0,非金属矿物制品业(1),待观察
169,竖窑/回转窑煅烧,加工制造,1,1,4.67,0.75,4.67,6.23,5.0,4.0,5.0,2.0,4.0,5.0,5.0,非金属矿物制品业(1),待观察
170,表面检测,检测质控,1,1,4.67,1.75,4.67,2.67,4.0,5.0,5.0,2.0,5.0,3.0,2.0,黑色金属冶炼和压延加工业(1),待观察
171,电解精炼,加工制造,1,1,4.67,1.75,4.67,2.67,5.0,5.0,4.0,3.0,4.0,3.0,4.0,有色金属冶炼和压延加工业(1),待观察
172,出铝,其他工序,1,1,4.67,1.75,4.67,2.67,5.0,5.0,4.0,3.0,4.0,3.0,4.0,有色金属冶炼和压延加工业(1),待观察
173,配料,原料处理,1,1,4.67,1.25,4.67,3.74,5.0,5.0,4.0,2.0,4.0,4.0,4.0,有色金属冶炼和压延加工业(1),待观察
174,磨矿,其他工序,1,1,4.67,0.75,4.67,6.23,5.0,4.0,5.0,2.0,4.0,5.0,5.0,有色金属矿采选业(1),待观察
175,安全监测监控,巡检维护,1,1,4.67,0.75,4.67,6.23,5.0,4.0,5.0,1.0,3.0,5.0,5.0,开采专业及辅助性活动(1),待观察
176,罐装,其他工序,1,1,4.67,2.0,4.67,2.33,5.0,4.0,5.0,3.0,5.0,2.0,3.0,食品制造业(1),待观察
177,冷却,其他工序,1,1,4.67,1.5,4.67,3.11,4.0,5.0,5.0,3.0,4.0,5.0,3.0,食品制造业(1),待观察
178,运维巡检,巡检维护,1,1,4.67,1.25,4.67,3.74,5.0,4.0,5.0,3.0,3.0,5.0,5.0,通用设备制造业(1),待观察
179,分段涂装,其他工序,1,1,4.67,2.0,4.67,2.33,5.0,4.0,5.0,3.0,3.0,3.0,4.0,铁路、船舶、航空航天和其他运输设备制造业(1),待观察
180,开关操作,其他工序,1,1,4.67,2.0,4.67,2.33,5.0,4.0,5.0,3.0,4.0,1.0,5.0,电气机械和器材制造业(1),待观察
181,浸漆固化,其他工序,1,1,4.67,1.25,4.67,3.74,5.0,4.0,5.0,2.0,5.0,3.0,4.0,电气机械和器材制造业(1),待观察
182,污泥脱水,其他工序,1,1,4.67,1.75,4.67,2.67,5.0,4.0,5.0,3.0,4.0,3.0,4.0,水的生产和供应业(1),待观察
183,生化池,其他工序,1,1,4.67,0.75,4.67,6.23,4.0,5.0,5.0,2.0,4.0,5.0,5.0,水的生产和供应业(1),待观察
184,设施维护,巡检维护,1,1,4.67,1.5,4.67,3.11,5.0,4.0,5.0,3.0,3.0,4.0,5.0,水的生产和供应业(1),待观察
185,质量检验,检测质控,1,1,4.33,1.5,4.33,2.89,4.0,4.0,5.0,3.0,4.0,4.0,4.0,纺织服装、服饰业(1),待观察
186,检验包装,检测质控,1,1,4.33,1.5,4.33,2.89,4.0,4.0,5.0,3.0,4.0,4.0,4.0,皮革、毛皮、羽毛及其制品和制鞋业(1),待观察
187,贴底粘合,其他工序,1,1,4.33,2.0,4.33,2.17,4.0,5.0,4.0,3.0,4.0,3.0,3.0,皮革、毛皮、羽毛及其制品和制鞋业(1),待观察
188,喷漆涂装,其他工序,1,1,4.33,2.25,4.33,1.92,5.0,4.0,4.0,4.0,3.0,3.0,4.0,木材加工和木、竹、藤、棕、草制品业(1),待观察
189,喷涂,其他工序,1,1,4.33,2.0,4.33,2.17,4.0,4.0,5.0,3.0,4.0,3.0,3.0,家具制造业(1),待观察
190,蒸煮,其他工序,1,1,4.33,0.5,4.33,8.66,5.0,3.0,5.0,1.0,4.0,5.0,5.0,造纸和纸制品业(1),待观察
191,催化裂化,其他工序,1,1,4.33,1.5,4.33,2.89,5.0,4.0,4.0,3.0,4.0,4.0,4.0,石油、煤炭及其他燃料加工业(1),待观察
192,气化,其他工序,1,1,4.33,2.0,4.33,2.17,5.0,4.0,4.0,3.0,4.0,2.0,4.0,石油、煤炭及其他燃料加工业(1),待观察
193,原料称配,原料处理,1,1,4.33,1.75,4.33,2.47,5.0,4.0,4.0,3.0,4.0,3.0,4.0,化学原料和化学制品制造业(1),待观察
194,达标排放,其他工序,1,1,4.33,0.75,4.33,5.77,4.0,5.0,4.0,2.0,4.0,5.0,5.0,化学原料和化学制品制造业(1),待观察
195,配液灌装,其他工序,1,1,4.33,2.25,4.33,1.92,5.0,3.0,5.0,3.0,5.0,1.0,3.0,医药制造业(1),待观察
196,巡检监控,巡检维护,1,1,4.33,0.75,4.33,5.77,3.0,5.0,5.0,1.0,3.0,5.0,5.0,橡胶和塑料制品业(1),待观察
197,包装码垛,包装成品,1,1,4.33,1.75,4.33,2.47,4.0,5.0,4.0,2.0,4.0,3.0,3.0,非金属矿物制品业(1),待观察
198,出窑,加工制造,1,1,4.33,1.5,4.33,2.89,4.0,5.0,4.0,2.0,3.0,4.0,4.0,非金属矿物制品业(1),待观察
199,高炉冶炼,加工制造,1,1,4.33,0.75,4.33,5.77,4.0,4.0,5.0,2.0,4.0,5.0,5.0,黑色金属冶炼和压延加工业(1),待观察
200,铸坯检验,检测质控,1,1,4.33,1.5,4.33,2.89,4.0,4.0,5.0,2.0,4.0,4.0,3.0,黑色金属冶炼和压延加工业(1),待观察
201,阴极铜剥离,其他工序,1,1,4.33,2.0,4.33,2.17,4.0,5.0,4.0,3.0,4.0,3.0,3.0,有色金属冶炼和压延加工业(1),待观察
202,阳极泥收集,其他工序,1,1,4.33,1.25,4.33,3.46,5.0,3.0,5.0,3.0,4.0,4.0,5.0,有色金属冶炼和压延加工业(1),待观察
203,合金添加,其他工序,1,1,4.33,2.0,4.33,2.17,4.0,4.0,5.0,3.0,4.0,2.0,4.0,有色金属冶炼和压延加工业(1),待观察
204,脱水脱硫,环保安全,1,1,4.33,1.75,4.33,2.47,5.0,4.0,4.0,3.0,4.0,3.0,4.0,石油和天然气开采业(1),待观察
205,钻孔爆破,其他工序,1,1,4.33,2.0,4.33,2.17,5.0,4.0,4.0,2.0,2.0,3.0,4.0,非金属矿采选业(1),待观察
206,清洗分级,其他工序,1,1,4.33,2.25,4.33,1.92,4.0,5.0,4.0,3.0,3.0,4.0,2.0,农副食品加工业(1),待观察
207,压榨浸出,其他工序,1,1,4.33,0.5,4.33,8.66,5.0,3.0,5.0,1.0,4.0,5.0,5.0,农副食品加工业(1),待观察
208,碾磨研磨,其他工序,1,1,4.33,0.75,4.33,5.77,5.0,4.0,4.0,1.0,3.0,5.0,5.0,农副食品加工业(1),待观察
209,烘烤,其他工序,1,1,4.33,2.0,4.33,2.17,5.0,4.0,4.0,2.0,4.0,3.0,2.0,食品制造业(1),待观察
210,冷库储存,仓储物流,1,1,4.33,1.25,4.33,3.46,5.0,4.0,4.0,2.0,4.0,4.0,4.0,食品制造业(1),待观察
211,封盖,其他工序,1,1,4.33,1.25,4.33,3.46,4.0,5.0,4.0,1.0,5.0,4.0,2.0,酒、饮料和精制茶制造业(1),待观察
212,蒸馏,加工制造,1,1,4.33,0.5,4.33,8.66,5.0,3.0,5.0,1.0,4.0,5.0,5.0,酒、饮料和精制茶制造业(1),待观察
213,电镀处理,其他工序,1,1,4.33,1.75,4.33,2.47,5.0,4.0,4.0,3.0,4.0,3.0,4.0,金属制品业(1),待观察
214,喷砂除锈,其他工序,1,1,4.33,1.5,4.33,2.89,5.0,4.0,4.0,2.0,3.0,4.0,4.0,金属制品业(1),待观察
215,抛光打磨,其他工序,1,1,4.33,2.5,4.33,1.73,5.0,4.0,4.0,4.0,3.0,3.0,3.0,金属制品业(1),待观察
216,压铸成型,加工制造,1,1,4.33,2.25,4.33,1.92,5.0,4.0,4.0,2.0,4.0,2.0,2.0,金属制品业(1),待观察
217,浇注成型,加工制造,1,1,4.33,2.5,4.33,1.73,5.0,4.0,4.0,3.0,3.0,2.0,3.0,金属制品业(1),待观察
218,清砂打磨,其他工序,1,1,4.33,2.0,4.33,2.17,5.0,4.0,4.0,3.0,3.0,3.0,4.0,金属制品业(1),待观察
219,焊缝检测,检测质控,1,1,4.33,1.5,4.33,2.89,4.0,4.0,5.0,3.0,2.0,5.0,5.0,金属制品业(1),待观察
220,现场维修,巡检维护,1,1,4.33,2.25,4.33,1.92,4.0,4.0,5.0,4.0,2.0,3.0,5.0,专用设备制造业(1),待观察
221,机加工,加工制造,1,1,4.33,1.5,4.33,2.89,4.0,5.0,4.0,2.0,3.0,4.0,4.0,专用设备制造业(1),待观察
222,调试试车,其他工序,1,1,4.33,0.5,4.33,8.66,3.0,5.0,5.0,1.0,4.0,5.0,5.0,专用设备制造业(1),待观察
223,叠层,其他工序,1,1,4.33,2.25,4.33,1.92,4.0,5.0,4.0,3.0,4.0,2.0,3.0,电气机械和器材制造业(1),待观察
224,化成,其他工序,1,1,4.33,1.5,4.33,2.89,3.0,5.0,5.0,3.0,5.0,3.0,4.0,电气机械和器材制造业(1),待观察
225,叠片/卷绕,其他工序,1,1,4.33,2.75,4.33,1.57,3.0,5.0,5.0,4.0,5.0,1.0,2.0,电气机械和器材制造业(1),待观察
226,抽真空充氟,其他工序,1,1,4.33,2.0,4.33,2.17,3.0,5.0,5.0,3.0,4.0,3.0,3.0,电气机械和器材制造业(1),待观察
227,二次接线,其他工序,1,1,4.33,2.0,4.33,2.17,3.0,5.0,5.0,4.0,4.0,3.0,4.0,电气机械和器材制造业(1),待观察
228,极板涂膏,其他工序,1,1,4.33,1.5,4.33,2.89,5.0,4.0,4.0,2.0,4.0,3.0,4.0,电气机械和器材制造业(1),待观察
229,气密测试,检测质控,1,1,4.33,2.0,4.33,2.17,4.0,4.0,5.0,2.0,4.0,1.0,4.0,电气机械和器材制造业(1),待观察
230,分选,其他工序,1,1,4.33,1.5,4.33,2.89,3.0,5.0,5.0,2.0,5.0,4.0,2.0,电气机械和器材制造业(1),待观察
231,高压测试,检测质控,1,1,4.33,1.0,4.33,4.33,5.0,3.0,5.0,3.0,5.0,4.0,5.0,电气机械和器材制造业(1),待观察
232,电镀铜,其他工序,1,1,4.33,1.5,4.33,2.89,5.0,4.0,4.0,2.0,4.0,3.0,4.0,计算机、通信和其他电子设备制造业(1),待观察
233,模组组装,加工制造,1,1,4.33,2.75,4.33,1.57,5.0,4.0,4.0,5.0,4.0,2.0,3.0,计算机、通信和其他电子设备制造业(1),待观察
234,故障诊断,其他工序,1,1,4.33,0.75,4.33,5.77,3.0,5.0,5.0,1.0,3.0,5.0,5.0,金属制品、机械和设备修理业(1),待观察
235,粗煤气净化,其他工序,1,1,4.33,1.0,4.33,4.33,5.0,3.0,5.0,2.0,4.0,4.0,5.0,燃气生产和供应业(1),待观察
236,厌氧发酵,其他工序,1,1,4.33,0.75,4.33,5.77,4.0,4.0,5.0,2.0,4.0,5.0,5.0,燃气生产和供应业(1),待观察
237,气化反应,加工制造,1,1,4.33,1.0,4.33,4.33,5.0,3.0,5.0,2.0,4.0,4.0,5.0,燃气生产和供应业(1),待观察
238,沼气净化,其他工序,1,1,4.33,0.75,4.33,5.77,4.0,4.0,5.0,2.0,4.0,5.0,5.0,燃气生产和供应业(1),待观察
239,二沉池,其他工序,1,1,4.33,0.75,4.33,5.77,4.0,5.0,4.0,2.0,4.0,5.0,5.0,水的生产和供应业(1),待观察
240,初沉池,其他工序,1,1,4.33,1.75,4.33,2.47,4.0,5.0,4.0,3.0,4.0,3.0,4.0,水的生产和供应业(1),待观察
241,粗格栅,其他工序,1,1,4.33,1.25,4.33,3.46,4.0,5.0,4.0,3.0,4.0,4.0,5.0,水的生产和供应业(1),待观察
242,成品检测,检测质控,1,1,4.0,1.5,4.0,2.67,4.0,4.0,4.0,3.0,4.0,4.0,4.0,烟草制品业(1),待观察
243,细纱,其他工序,1,1,4.0,1.75,4.0,2.29,3.0,5.0,4.0,3.0,4.0,4.0,3.0,纺织业(1),待观察
244,索绪,其他工序,1,1,4.0,2.0,4.0,2.0,5.0,3.0,4.0,4.0,4.0,4.0,3.0,纺织业(1),待观察
245,卷绑,其他工序,1,1,4.0,2.25,4.0,1.78,4.0,4.0,4.0,3.0,4.0,3.0,2.0,纺织业(1),待观察
246,面料检验,检测质控,1,1,4.0,1.0,4.0,4.0,4.0,3.0,5.0,2.0,5.0,4.0,4.0,纺织服装、服饰业(1),待观察
247,复鞣染色,加工制造,1,1,4.0,1.5,4.0,2.67,4.0,3.0,5.0,3.0,4.0,3.0,5.0,皮革、毛皮、羽毛及其制品和制鞋业(1),待观察
248,鞋帮裁断,其他工序,1,1,4.0,1.75,4.0,2.29,3.0,5.0,4.0,3.0,4.0,3.0,4.0,皮革、毛皮、羽毛及其制品和制鞋业(1),待观察
249,干燥处理,其他工序,1,1,4.0,0.5,4.0,8.0,5.0,3.0,4.0,1.0,4.0,5.0,5.0,木材加工和木、竹、藤、棕、草制品业(1),待观察
250,涂胶组坯,其他工序,1,1,4.0,2.0,4.0,2.0,4.0,4.0,4.0,3.0,4.0,3.0,3.0,木材加工和木、竹、藤、棕、草制品业(1),待观察
251,热压固化,其他工序,1,1,4.0,1.75,4.0,2.29,5.0,3.0,4.0,2.0,4.0,2.0,4.0,木材加工和木、竹、藤、棕、草制品业(1),待观察
252,检测包装,检测质控,1,1,4.0,1.25,4.0,3.2,4.0,5.0,3.0,2.0,4.0,4.0,4.0,木材加工和木、竹、藤、棕、草制品业(1),待观察
253,打磨修整,其他工序,1,1,4.0,2.25,4.0,1.78,5.0,4.0,3.0,4.0,3.0,3.0,4.0,木材加工和木、竹、藤、棕、草制品业(1),待观察
254,砂光,其他工序,1,1,4.0,2.25,4.0,1.78,4.0,4.0,4.0,4.0,3.0,4.0,3.0,家具制造业(1),待观察
255,打磨,其他工序,1,1,4.0,2.25,4.0,1.78,4.0,4.0,4.0,4.0,3.0,4.0,3.0,家具制造业(1),待观察
256,漂白,其他工序,1,1,4.0,1.75,4.0,2.29,5.0,3.0,4.0,3.0,4.0,2.0,5.0,造纸和纸制品业(1),待观察
257,折叠粘合,其他工序,1,1,4.0,2.0,4.0,2.0,3.0,5.0,4.0,3.0,4.0,4.0,2.0,造纸和纸制品业(1),待观察
258,装配插装,加工制造,1,1,4.0,2.0,4.0,2.0,3.0,5.0,4.0,3.0,4.0,4.0,2.0,文教、工美、体育和娱乐用品制造业(1),待观察
259,拧紧紧固,其他工序,1,1,4.0,1.75,4.0,2.29,3.0,4.0,5.0,3.0,4.0,3.0,4.0,文教、工美、体育和娱乐用品制造业(1),待观察
260,活化,其他工序,1,1,4.0,0.75,4.0,5.33,5.0,3.0,4.0,2.0,4.0,5.0,5.0,石油、煤炭及其他燃料加工业(1),待观察
261,元件制造,加工制造,1,1,4.0,0.5,4.0,8.0,5.0,2.0,5.0,2.0,5.0,5.0,5.0,石油、煤炭及其他燃料加工业(1),待观察
262,废物处置,其他工序,1,1,4.0,2.0,4.0,2.0,5.0,2.0,5.0,5.0,5.0,2.0,5.0,石油、煤炭及其他燃料加工业(1),待观察
263,制剂配制,其他工序,1,1,4.0,1.75,4.0,2.29,5.0,3.0,4.0,3.0,4.0,3.0,4.0,化学原料和化学制品制造业(1),待观察
264,灌装包装,包装成品,1,1,4.0,2.0,4.0,2.0,4.0,4.0,4.0,3.0,5.0,3.0,2.0,化学原料和化学制品制造业(1),待观察
265,配料计量,原料处理,1,1,4.0,2.0,4.0,2.0,4.0,4.0,4.0,3.0,4.0,2.0,4.0,化学原料和化学制品制造业(1),待观察
266,插引,其他工序,1,1,4.0,2.25,4.0,1.78,5.0,4.0,3.0,3.0,4.0,2.0,3.0,化学原料和化学制品制造业(1),待观察
267,化学合成,加工制造,1,1,4.0,1.75,4.0,2.29,5.0,3.0,4.0,3.0,4.0,3.0,4.0,医药制造业(1),待观察
268,培养发酵,其他工序,1,1,4.0,2.5,4.0,1.6,4.0,3.0,5.0,4.0,4.0,1.0,4.0,医药制造业(1),待观察
269,干燥炮制,其他工序,1,1,4.0,2.0,4.0,2.0,4.0,3.0,5.0,3.0,4.0,2.0,4.0,医药制造业(1),待观察
270,溶剂回收,其他工序,1,1,4.0,1.25,4.0,3.2,5.0,2.0,5.0,2.0,4.0,3.0,5.0,化学纤维制造业(1),待观察
271,发酵培养,其他工序,1,1,4.0,0.75,4.0,5.33,4.0,3.0,5.0,1.0,4.0,4.0,5.0,化学纤维制造业(1),待观察
272,检测分级,检测质控,1,1,4.0,1.5,4.0,2.67,3.0,4.0,5.0,2.0,4.0,4.0,3.0,非金属矿物制品业(1),待观察
273,施釉,其他工序,1,1,4.0,2.25,4.0,1.78,4.0,4.0,4.0,4.0,3.0,3.0,4.0,非金属矿物制品业(1),待观察
274,涂覆,其他工序,1,1,4.0,2.0,4.0,2.0,4.0,4.0,4.0,3.0,4.0,3.0,3.0,非金属矿物制品业(1),待观察
275,加热炉加热,加工制造,1,1,4.0,0.75,4.0,5.33,4.0,4.0,4.0,2.0,4.0,5.0,5.0,黑色金属冶炼和压延加工业(1),待观察
276,矿热炉熔炼,加工制造,1,1,4.0,0.75,4.0,5.33,5.0,3.0,4.0,2.0,4.0,5.0,5.0,黑色金属冶炼和压延加工业(1),待观察
277,装车外运,其他工序,1,1,4.0,2.25,4.0,1.78,4.0,4.0,4.0,3.0,3.0,3.0,3.0,煤炭开采和洗选业(1),待观察
278,油气处理,其他工序,1,1,4.0,1.5,4.0,2.67,4.0,4.0,4.0,3.0,4.0,4.0,4.0,石油和天然气开采业(1),待观察
279,成品储运,仓储物流,1,1,4.0,1.5,4.0,2.67,4.0,5.0,3.0,2.0,4.0,4.0,3.0,黑色金属矿采选业(1),待观察
280,放射性分选,其他工序,1,1,4.0,1.75,4.0,2.29,5.0,2.0,5.0,3.0,4.0,3.0,4.0,有色金属矿采选业(1),待观察
281,堆存包装,包装成品,1,1,4.0,1.5,4.0,2.67,4.0,5.0,3.0,2.0,4.0,4.0,3.0,非金属矿采选业(1),待观察
282,提升出井,其他工序,1,1,4.0,1.25,4.0,3.2,3.0,5.0,4.0,2.0,4.0,4.0,4.0,非金属矿采选业(1),待观察
283,通风除尘维护,巡检维护,1,1,4.0,1.25,4.0,3.2,4.0,4.0,4.0,2.0,3.0,4.0,5.0,开采专业及辅助性活动(1),待观察
284,储运设施管理,仓储物流,1,1,4.0,1.0,4.0,4.0,4.0,4.0,4.0,2.0,4.0,4.0,5.0,开采专业及辅助性活动(1),待观察
285,油气集输,其他工序,1,1,4.0,0.75,4.0,5.33,3.0,5.0,4.0,1.0,3.0,5.0,5.0,开采专业及辅助性活动(1),待观察
286,井下物料运输,其他工序,1,1,4.0,1.75,4.0,2.29,5.0,4.0,3.0,2.0,2.0,4.0,4.0,开采专业及辅助性活动(1),待观察
287,分拣包装,包装成品,1,1,4.0,2.25,4.0,1.78,4.0,4.0,4.0,3.0,3.0,3.0,3.0,农副食品加工业(1),待观察
288,粉碎破碎,原料处理,1,1,4.0,1.5,4.0,2.67,5.0,4.0,3.0,2.0,3.0,4.0,4.0,农副食品加工业(1),待观察
289,分拣分级,其他工序,1,1,4.0,2.0,4.0,2.0,3.0,5.0,4.0,3.0,3.0,4.0,3.0,农副食品加工业(1),待观察
290,称重分拣,其他工序,1,1,4.0,2.25,4.0,1.78,3.0,5.0,4.0,3.0,4.0,3.0,2.0,农副食品加工业(1),待观察
291,脱水干燥,其他工序,1,1,4.0,0.5,4.0,8.0,5.0,3.0,4.0,1.0,4.0,5.0,5.0,农副食品加工业(1),待观察
292,混合,其他工序,1,1,4.0,1.75,4.0,2.29,4.0,3.0,5.0,3.0,5.0,2.0,4.0,食品制造业(1),待观察
293,装罐,其他工序,1,1,4.0,2.0,4.0,2.0,4.0,4.0,4.0,3.0,4.0,3.0,3.0,食品制造业(1),待观察
294,配料调配,原料处理,1,1,4.0,2.25,4.0,1.78,4.0,4.0,4.0,3.0,3.0,2.0,4.0,酒、饮料和精制茶制造业(1),待观察
295,贴标,包装成品,1,1,4.0,1.25,4.0,3.2,3.0,5.0,4.0,1.0,5.0,4.0,2.0,酒、饮料和精制茶制造业(1),待观察
296,原料处理,原料处理,1,1,4.0,2.0,4.0,2.0,5.0,3.0,4.0,3.0,3.0,3.0,4.0,酒、饮料和精制茶制造业(1),待观察
297,取件冷却,其他工序,1,1,4.0,1.5,4.0,2.67,4.0,5.0,3.0,2.0,5.0,4.0,2.0,金属制品业(1),待观察
298,底釉烧成,加工制造,1,1,4.0,2.25,4.0,1.78,5.0,3.0,4.0,3.0,4.0,2.0,3.0,金属制品业(1),待观察
299,气密检测,检测质控,1,1,4.0,1.25,4.0,3.2,4.0,3.0,5.0,3.0,4.0,4.0,5.0,金属制品业(1),待观察
300,底漆喷涂,其他工序,1,1,4.0,1.75,4.0,2.29,5.0,3.0,4.0,3.0,4.0,3.0,4.0,金属制品业(1),待观察
301,质检记录,检测质控,1,1,4.0,1.0,4.0,4.0,2.0,5.0,5.0,2.0,3.0,5.0,5.0,金属制品业(1),待观察
302,自由锻造,加工制造,1,1,4.0,2.5,4.0,1.6,5.0,3.0,4.0,3.0,3.0,2.0,3.0,金属制品业(1),待观察
303,液压调试,其他工序,1,1,4.0,1.5,4.0,2.67,4.0,4.0,4.0,3.0,4.0,4.0,4.0,通用设备制造业(1),待观察
304,设备准备,其他工序,1,1,4.0,1.5,4.0,2.67,5.0,3.0,4.0,3.0,4.0,4.0,4.0,通用设备制造业(1),待观察
305,关节装配,加工制造,1,1,4.0,2.0,4.0,2.0,3.0,4.0,5.0,4.0,5.0,3.0,3.0,通用设备制造业(1),待观察
306,载荷试验,其他工序,1,1,4.0,1.25,4.0,3.2,5.0,3.0,4.0,3.0,3.0,5.0,5.0,通用设备制造业(1),待观察
307,密封测试,检测质控,1,1,4.0,1.25,4.0,3.2,3.0,5.0,4.0,2.0,3.0,5.0,4.0,专用设备制造业(1),待观察
308,总装调试,其他工序,1,1,4.0,0.75,4.0,5.33,3.0,4.0,5.0,2.0,4.0,5.0,5.0,专用设备制造业(1),待观察
309,抛光,其他工序,1,1,4.0,2.25,4.0,1.78,4.0,4.0,4.0,5.0,4.0,2.0,5.0,专用设备制造业(1),待观察
310,运营维护,巡检维护,1,1,4.0,0.75,4.0,5.33,3.0,5.0,4.0,1.0,3.0,5.0,5.0,铁路、船舶、航空航天和其他运输设备制造业(1),待观察
311,电池包总装,其他工序,1,1,4.0,2.25,4.0,1.78,3.0,5.0,4.0,3.0,4.0,2.0,3.0,铁路、船舶、航空航天和其他运输设备制造业(1),待观察
312,机身装配,加工制造,1,1,4.0,2.75,4.0,1.45,4.0,3.0,5.0,5.0,4.0,2.0,3.0,铁路、船舶、航空航天和其他运输设备制造业(1),待观察
313,内筒装配,加工制造,1,1,4.0,2.25,4.0,1.78,3.0,5.0,4.0,3.0,4.0,2.0,3.0,电气机械和器材制造业(1),待观察
314,压缩机装配,加工制造,1,1,4.0,2.25,4.0,1.78,3.0,5.0,4.0,3.0,4.0,2.0,3.0,电气机械和器材制造业(1),待观察
315,外观检查,其他工序,1,1,4.0,1.5,4.0,2.67,3.0,5.0,4.0,2.0,4.0,4.0,3.0,电气机械和器材制造业(1),待观察
316,元器件安装,其他工序,1,1,4.0,1.5,4.0,2.67,3.0,5.0,4.0,3.0,4.0,4.0,4.0,电气机械和器材制造业(1),待观察
317,门体装配,加工制造,1,1,4.0,2.0,4.0,2.0,3.0,5.0,4.0,3.0,4.0,3.0,3.0,电气机械和器材制造业(1),待观察
318,组件安装,其他工序,1,1,4.0,2.0,4.0,2.0,3.0,5.0,4.0,3.0,4.0,3.0,3.0,电气机械和器材制造业(1),待观察
319,成缆检测,检测质控,1,1,4.0,1.0,4.0,4.0,3.0,4.0,5.0,3.0,4.0,5.0,5.0,电气机械和器材制造业(1),待观察
320,装框,其他工序,1,1,4.0,2.0,4.0,2.0,3.0,5.0,4.0,3.0,4.0,3.0,3.0,电气机械和器材制造业(1),待观察
321,配送,仓储物流,1,1,4.0,1.75,4.0,2.29,5.0,3.0,4.0,2.0,4.0,2.0,4.0,计算机、通信和其他电子设备制造业(1),待观察
322,物料卸载,其他工序,1,1,4.0,1.25,4.0,3.2,5.0,2.0,5.0,2.0,4.0,3.0,5.0,其他制造业(1),待观察
323,物料装载,其他工序,1,1,4.0,1.25,4.0,3.2,5.0,2.0,5.0,2.0,4.0,3.0,5.0,其他制造业(1),待观察
324,预分类,其他工序,1,1,4.0,1.5,4.0,2.67,3.0,5.0,4.0,2.0,3.0,5.0,3.0,废弃资源综合利用业(1),待观察
325,危废处置,其他工序,1,1,4.0,1.5,4.0,2.67,5.0,3.0,4.0,2.0,4.0,2.0,5.0,废弃资源综合利用业(1),待观察
326,涂装防腐,其他工序,1,1,4.0,1.5,4.0,2.67,5.0,3.0,4.0,3.0,3.0,4.0,5.0,金属制品、机械和设备修理业(1),待观察
327,车体检修,其他工序,1,1,4.0,2.0,4.0,2.0,4.0,4.0,4.0,4.0,4.0,3.0,4.0,金属制品、机械和设备修理业(1),待观察
328,舱室清理,其他工序,1,1,4.0,1.75,4.0,2.29,5.0,3.0,4.0,3.0,2.0,4.0,5.0,金属制品、机械和设备修理业(1),待观察
329,结构检测,检测质控,1,1,4.0,1.0,4.0,4.0,4.0,3.0,5.0,3.0,4.0,5.0,5.0,金属制品、机械和设备修理业(1),待观察
330,转向架检修,其他工序,1,1,4.0,2.0,4.0,2.0,4.0,4.0,4.0,4.0,4.0,3.0,4.0,金属制品、机械和设备修理业(1),待观察
331,绝缘测试,检测质控,1,1,4.0,1.25,4.0,3.2,5.0,3.0,4.0,3.0,4.0,4.0,5.0,金属制品、机械和设备修理业(1),待观察
332,组件巡检,巡检维护,1,1,4.0,0.5,4.0,8.0,3.0,5.0,4.0,1.0,4.0,5.0,5.0,电力、热力生产和供应业(1),待观察
333,储料巡检,巡检维护,1,1,4.0,1.0,4.0,4.0,5.0,3.0,4.0,1.0,3.0,4.0,5.0,电力、热力生产和供应业(1),待观察
334,计量表校验,其他工序,1,1,4.0,1.5,4.0,2.67,3.0,5.0,4.0,3.0,5.0,4.0,3.0,电力、热力生产和供应业(1),待观察
335,烟气脱硫,环保安全,1,1,4.0,1.0,4.0,4.0,4.0,4.0,4.0,2.0,3.0,5.0,5.0,电力、热力生产和供应业(1),待观察
336,辐射区巡检,巡检维护,1,1,4.0,2.0,4.0,2.0,5.0,2.0,5.0,4.0,4.0,3.0,4.0,电力、热力生产和供应业(1),待观察
337,输煤系统,其他工序,1,1,4.0,0.5,4.0,8.0,4.0,4.0,4.0,1.0,4.0,5.0,5.0,电力、热力生产和供应业(1),待观察
338,计量,其他工序,1,1,4.0,0.25,4.0,16.0,3.0,5.0,4.0,1.0,5.0,5.0,5.0,燃气生产和供应业(1),待观察
339,储气,其他工序,1,1,4.0,0.5,4.0,8.0,4.0,3.0,5.0,1.0,4.0,5.0,5.0,燃气生产和供应业(1),待观察
340,灌装充装,其他工序,1,1,4.0,2.0,4.0,2.0,4.0,4.0,4.0,3.0,4.0,3.0,3.0,燃气生产和供应业(1),待观察
341,调压站,其他工序,1,1,4.0,1.5,4.0,2.67,3.0,5.0,4.0,3.0,4.0,3.0,5.0,燃气生产和供应业(1),待观察
342,出水,其他工序,1,1,4.0,1.75,4.0,2.29,3.0,5.0,4.0,4.0,5.0,3.0,4.0,水的生产和供应业(1),待观察
343,仓储堆垛,仓储物流,1,1,4.0,1.25,4.0,3.2,4.0,5.0,3.0,2.0,4.0,4.0,4.0,水的生产和供应业(1),待观察
344,高压泵送,其他工序,1,1,4.0,0.25,4.0,16.0,4.0,3.0,5.0,1.0,5.0,5.0,5.0,水的生产和供应业(1),待观察
345,成品包装,包装成品,1,1,3.67,1.5,3.67,2.45,4.0,4.0,3.0,2.0,4.0,4.0,3.0,烟草制品业(1),待观察
346,件箱包装,包装成品,1,1,3.67,1.5,3.67,2.45,3.0,5.0,3.0,2.0,4.0,4.0,3.0,烟草制品业(1),待观察
347,填充铺展,其他工序,1,1,3.67,2.0,3.67,1.83,4.0,4.0,3.0,3.0,4.0,3.0,3.0,纺织业(1),待观察
348,卷取,其他工序,1,1,3.67,1.5,3.67,2.45,4.0,4.0,3.0,2.0,4.0,4.0,3.0,纺织业(1),待观察
349,定型,其他工序,1,1,3.67,2.0,3.67,1.83,4.0,4.0,3.0,3.0,4.0,3.0,3.0,纺织业(1),待观察
350,精分选分级,其他工序,1,1,3.67,1.5,3.67,2.45,4.0,3.0,4.0,2.0,3.0,4.0,4.0,皮革、毛皮、羽毛及其制品和制鞋业(1),待观察
351,称量充绒,其他工序,1,1,3.67,1.75,3.67,2.1,3.0,4.0,4.0,2.0,4.0,3.0,3.0,皮革、毛皮、羽毛及其制品和制鞋业(1),待观察
352,绷帮成型,加工制造,1,1,3.67,2.25,3.67,1.63,3.0,5.0,3.0,4.0,4.0,3.0,3.0,皮革、毛皮、羽毛及其制品和制鞋业(1),待观察
353,锯材堆垛,其他工序,1,1,3.67,1.5,3.67,2.45,4.0,4.0,3.0,2.0,3.0,4.0,4.0,木材加工和木、竹、藤、棕、草制品业(1),待观察
354,分等定级,其他工序,1,1,3.67,2.25,3.67,1.63,3.0,4.0,4.0,3.0,3.0,3.0,3.0,木材加工和木、竹、藤、棕、草制品业(1),待观察
355,真空加压浸渍,其他工序,1,1,3.67,1.75,3.67,2.1,5.0,2.0,4.0,3.0,4.0,2.0,5.0,木材加工和木、竹、藤、棕、草制品业(1),待观察
356,裁边砂光,其他工序,1,1,3.67,2.0,3.67,1.83,3.0,4.0,4.0,2.0,4.0,3.0,2.0,木材加工和木、竹、藤、棕、草制品业(1),待观察
357,UV涂装,其他工序,1,1,3.67,1.5,3.67,2.45,4.0,3.0,4.0,2.0,5.0,2.0,4.0,木材加工和木、竹、藤、棕、草制品业(1),待观察
358,分等检测,检测质控,1,1,3.67,2.0,3.67,1.83,3.0,4.0,4.0,2.0,4.0,3.0,2.0,木材加工和木、竹、藤、棕、草制品业(1),待观察
359,定时巡检,巡检维护,1,1,3.67,0.75,3.67,4.89,2.0,5.0,4.0,1.0,3.0,5.0,5.0,木材加工和木、竹、藤、棕、草制品业(1),待观察
360,纤维分离,其他工序,1,1,3.67,2.0,3.67,1.83,5.0,2.0,4.0,3.0,4.0,2.0,4.0,木材加工和木、竹、藤、棕、草制品业(1),待观察
361,炭化烧制,其他工序,1,1,3.67,1.75,3.67,2.1,5.0,2.0,4.0,3.0,4.0,2.0,5.0,木材加工和木、竹、藤、棕、草制品业(1),待观察
362,折弯冲压,加工制造,1,1,3.67,2.0,3.67,1.83,4.0,4.0,3.0,3.0,4.0,3.0,3.0,家具制造业(1),待观察
363,浆料储存,仓储物流,1,1,3.67,1.75,3.67,2.1,4.0,4.0,3.0,3.0,3.0,4.0,4.0,造纸和纸制品业(1),待观察
364,裁切,其他工序,1,1,3.67,1.75,3.67,2.1,4.0,4.0,3.0,2.0,4.0,3.0,3.0,印刷和记录媒介复制业(1),待观察
365,宝石镶嵌,其他工序,1,1,3.67,2.25,3.67,1.63,3.0,4.0,4.0,5.0,4.0,2.0,5.0,文教、工美、体育和娱乐用品制造业(1),待观察
366,装配穿衣,加工制造,1,1,3.67,2.0,3.67,1.83,3.0,5.0,3.0,4.0,4.0,4.0,3.0,文教、工美、体育和娱乐用品制造业(1),待观察
367,轮轴安装,其他工序,1,1,3.67,2.0,3.67,1.83,3.0,4.0,4.0,3.0,4.0,3.0,3.0,文教、工美、体育和娱乐用品制造业(1),待观察
368,破碎,原料处理,1,1,3.67,1.75,3.67,2.1,4.0,4.0,3.0,2.0,3.0,4.0,3.0,石油、煤炭及其他燃料加工业(1),待观察
369,配制稀释,其他工序,1,1,3.67,1.75,3.67,2.1,4.0,3.0,4.0,4.0,5.0,3.0,4.0,化学原料和化学制品制造业(1),待观察
370,混药,其他工序,1,1,3.67,2.25,3.67,1.63,5.0,2.0,4.0,3.0,4.0,1.0,4.0,化学原料和化学制品制造业(1),待观察
371,净选分拣,其他工序,1,1,3.67,1.75,3.67,2.1,3.0,4.0,4.0,3.0,3.0,4.0,4.0,医药制造业(1),待观察
372,裁切成型,加工制造,1,1,3.67,1.75,3.67,2.1,3.0,4.0,4.0,3.0,4.0,3.0,4.0,医药制造业(1),待观察
373,粉碎过筛,原料处理,1,1,3.67,1.75,3.67,2.1,4.0,3.0,4.0,3.0,4.0,3.0,4.0,医药制造业(1),待观察
374,切断打包,包装成品,1,1,3.67,1.75,3.67,2.1,4.0,4.0,3.0,2.0,4.0,3.0,3.0,化学纤维制造业(1),待观察
375,分拣分类,其他工序,1,1,3.67,1.25,3.67,2.94,5.0,3.0,3.0,2.0,2.0,5.0,5.0,橡胶和塑料制品业(1),待观察
376,编织,其他工序,1,1,3.67,2.0,3.67,1.83,3.0,4.0,4.0,4.0,4.0,3.0,4.0,橡胶和塑料制品业(1),待观察
377,堆垛,其他工序,1,1,3.67,2.0,3.67,1.83,3.0,4.0,4.0,3.0,4.0,3.0,3.0,非金属矿物制品业(1),待观察
378,大板切割,其他工序,1,1,3.67,2.25,3.67,1.63,4.0,4.0,3.0,3.0,3.0,2.0,4.0,非金属矿物制品业(1),待观察
379,玻纤铺层,其他工序,1,1,3.67,2.25,3.67,1.63,4.0,3.0,4.0,4.0,3.0,3.0,4.0,非金属矿物制品业(1),待观察
380,渣处理,其他工序,1,1,3.67,1.25,3.67,2.94,4.0,3.0,4.0,2.0,3.0,4.0,5.0,黑色金属冶炼和压延加工业(1),待观察
381,热轧,其他工序,1,1,3.67,2.0,3.67,1.83,4.0,4.0,3.0,4.0,4.0,2.0,5.0,有色金属冶炼和压延加工业(1),待观察
382,加热,其他工序,1,1,3.67,1.75,3.67,2.1,4.0,4.0,3.0,2.0,4.0,3.0,3.0,有色金属冶炼和压延加工业(1),待观察
383,称重检测,检测质控,1,1,3.67,1.5,3.67,2.45,3.0,3.0,5.0,3.0,5.0,3.0,4.0,有色金属冶炼和压延加工业(1),待观察
384,还原,其他工序,1,1,3.67,1.25,3.67,2.94,4.0,3.0,4.0,3.0,4.0,4.0,5.0,有色金属冶炼和压延加工业(1),待观察
385,铸锭,其他工序,1,1,3.67,1.75,3.67,2.1,4.0,4.0,3.0,2.0,4.0,3.0,3.0,有色金属冶炼和压延加工业(1),待观察
386,剪切,其他工序,1,1,3.67,1.75,3.67,2.1,4.0,4.0,3.0,2.0,4.0,3.0,3.0,有色金属冶炼和压延加工业(1),待观察
387,剥离作业,其他工序,1,1,3.67,1.5,3.67,2.45,4.0,3.0,4.0,2.0,2.0,4.0,5.0,黑色金属矿采选业(1),待观察
388,地质勘探,其他工序,1,1,3.67,1.75,3.67,2.1,4.0,3.0,4.0,3.0,2.0,4.0,5.0,有色金属矿采选业(1),待观察
389,精矿脱水,其他工序,1,1,3.67,1.0,3.67,3.67,4.0,4.0,3.0,2.0,4.0,5.0,4.0,有色金属矿采选业(1),待观察
390,分级包装,包装成品,1,1,3.67,1.75,3.67,2.1,4.0,3.0,4.0,3.0,4.0,4.0,3.0,非金属矿采选业(1),待观察
391,钻井施工,其他工序,1,1,3.67,2.0,3.67,1.83,4.0,3.0,4.0,3.0,3.0,3.0,4.0,开采专业及辅助性活动(1),待观察
392,铲装运输,其他工序,1,1,3.67,1.75,3.67,2.1,5.0,3.0,3.0,2.0,2.0,4.0,4.0,开采专业及辅助性活动(1),待观察
393,测井录井,其他工序,1,1,3.67,2.0,3.67,1.83,4.0,3.0,4.0,3.0,3.0,3.0,4.0,开采专业及辅助性活动(1),待观察
394,环保监测,巡检维护,1,1,3.67,1.25,3.67,2.94,3.0,4.0,4.0,2.0,3.0,4.0,5.0,开采专业及辅助性活动(1),待观察
395,选矿加工,加工制造,1,1,3.67,1.75,3.67,2.1,3.0,4.0,4.0,3.0,3.0,4.0,4.0,开采专业及辅助性活动(1),待观察
396,外观分拣,其他工序,1,1,3.67,1.5,3.67,2.45,3.0,4.0,4.0,2.0,4.0,4.0,3.0,农副食品加工业(1),待观察
397,屠宰放血,其他工序,1,1,3.67,1.25,3.67,2.94,4.0,3.0,4.0,2.0,3.0,4.0,5.0,农副食品加工业(1),待观察
398,包装称重,包装成品,1,1,3.67,1.5,3.67,2.45,4.0,4.0,3.0,2.0,4.0,4.0,3.0,农副食品加工业(1),待观察
399,筛分包装,原料处理,1,1,3.67,1.5,3.67,2.45,4.0,4.0,3.0,2.0,4.0,4.0,3.0,农副食品加工业(1),待观察
400,毛油精炼,加工制造,1,1,3.67,0.5,3.67,7.34,4.0,3.0,4.0,1.0,4.0,5.0,5.0,农副食品加工业(1),待观察
401,计量灌装,其他工序,1,1,3.67,1.25,3.67,2.94,3.0,4.0,4.0,2.0,4.0,4.0,4.0,农副食品加工业(1),待观察
402,煮浆点浆,其他工序,1,1,3.67,0.75,3.67,4.89,4.0,3.0,4.0,1.0,3.0,5.0,5.0,农副食品加工业(1),待观察
403,分级分拣,其他工序,1,1,3.67,2.0,3.67,1.83,3.0,4.0,4.0,3.0,3.0,4.0,3.0,农副食品加工业(1),待观察
404,脱模,其他工序,1,1,3.67,2.25,3.67,1.63,4.0,4.0,3.0,3.0,4.0,3.0,2.0,食品制造业(1),待观察
405,熬煮,其他工序,1,1,3.67,2.0,3.67,1.83,4.0,3.0,4.0,3.0,4.0,2.0,4.0,食品制造业(1),待观察
406,匀堆拼配,其他工序,1,1,3.67,2.0,3.67,1.83,4.0,3.0,4.0,3.0,3.0,3.0,4.0,酒、饮料和精制茶制造业(1),待观察
407,压制成型,加工制造,1,1,3.67,2.5,3.67,1.47,4.0,3.0,4.0,4.0,4.0,2.0,3.0,金属制品业(1),待观察
408,装配拧紧,加工制造,1,1,3.67,2.0,3.67,1.83,3.0,4.0,4.0,4.0,4.0,4.0,3.0,金属制品业(1),待观察
409,配件分拣,其他工序,1,1,3.67,1.0,3.67,3.67,3.0,4.0,4.0,2.0,4.0,5.0,4.0,金属制品业(1),待观察
410,阀芯装配,加工制造,1,1,3.67,2.25,3.67,1.63,3.0,4.0,4.0,4.0,4.0,3.0,3.0,金属制品业(1),待观察
411,计数包装,包装成品,1,1,3.67,1.5,3.67,2.45,3.0,5.0,3.0,2.0,4.0,4.0,3.0,通用设备制造业(1),待观察
412,密封件装配,加工制造,1,1,3.67,2.0,3.67,1.83,3.0,5.0,3.0,4.0,5.0,3.0,3.0,通用设备制造业(1),待观察
413,轿厢总装,其他工序,1,1,3.67,2.0,3.67,1.83,3.0,4.0,4.0,4.0,4.0,3.0,4.0,通用设备制造业(1),待观察
414,下料切割,其他工序,1,1,3.67,1.5,3.67,2.45,4.0,4.0,3.0,3.0,4.0,4.0,4.0,通用设备制造业(1),待观察
415,车削,其他工序,1,1,3.67,2.0,3.67,1.83,3.0,5.0,3.0,3.0,4.0,3.0,3.0,通用设备制造业(1),待观察
416,接线,其他工序,1,1,3.67,2.0,3.67,1.83,3.0,4.0,4.0,4.0,4.0,3.0,4.0,专用设备制造业(1),待观察
417,粗加工,加工制造,1,1,3.67,2.25,3.67,1.63,5.0,3.0,3.0,3.0,3.0,2.0,4.0,专用设备制造业(1),待观察
418,零部件制造,加工制造,1,1,3.67,1.75,3.67,2.1,4.0,3.0,4.0,3.0,4.0,3.0,4.0,铁路、船舶、航空航天和其他运输设备制造业(1),待观察
419,转向架装配,加工制造,1,1,3.67,2.25,3.67,1.63,3.0,3.0,5.0,4.0,4.0,2.0,4.0,铁路、船舶、航空航天和其他运输设备制造业(1),待观察
420,舾装,其他工序,1,1,3.67,2.25,3.67,1.63,3.0,4.0,4.0,4.0,3.0,3.0,4.0,铁路、船舶、航空航天和其他运输设备制造业(1),待观察
421,发动机总装,其他工序,1,1,3.67,2.25,3.67,1.63,3.0,4.0,4.0,4.0,4.0,3.0,3.0,铁路、船舶、航空航天和其他运输设备制造业(1),待观察
422,车厢内装,其他工序,1,1,3.67,2.0,3.67,1.83,3.0,4.0,4.0,4.0,4.0,3.0,4.0,铁路、船舶、航空航天和其他运输设备制造业(1),待观察
423,嵌线,其他工序,1,1,3.67,2.5,3.67,1.47,3.0,4.0,4.0,4.0,4.0,2.0,3.0,电气机械和器材制造业(1),待观察
424,线圈绕制,其他工序,1,1,3.67,2.25,3.67,1.63,3.0,4.0,4.0,4.0,4.0,2.0,4.0,电气机械和器材制造业(1),待观察
425,绕线,其他工序,1,1,3.67,2.5,3.67,1.47,3.0,4.0,4.0,5.0,4.0,3.0,3.0,电气机械和器材制造业(1),待观察
426,铁芯叠装,其他工序,1,1,3.67,1.75,3.67,2.1,4.0,3.0,4.0,3.0,4.0,3.0,4.0,电气机械和器材制造业(1),待观察
427,电机安装,其他工序,1,1,3.67,2.0,3.67,1.83,3.0,4.0,4.0,3.0,4.0,3.0,3.0,计算机、通信和其他电子设备制造业(1),待观察
428,机芯组装,加工制造,1,1,3.67,2.25,3.67,1.63,4.0,3.0,4.0,5.0,5.0,2.0,4.0,仪器仪表制造业(1),待观察
429,辐照后检测,检测质控,1,1,3.67,1.5,3.67,2.45,4.0,2.0,5.0,3.0,4.0,3.0,5.0,其他制造业(1),待观察
430,熔炼提纯,加工制造,1,1,3.67,2.0,3.67,1.83,5.0,3.0,3.0,3.0,4.0,2.0,4.0,废弃资源综合利用业(1),待观察
431,重新校准,其他工序,1,1,3.67,1.5,3.67,2.45,3.0,4.0,4.0,4.0,4.0,4.0,5.0,金属制品、机械和设备修理业(1),待观察
432,拆解分解,其他工序,1,1,3.67,1.5,3.67,2.45,4.0,4.0,3.0,2.0,3.0,3.0,5.0,金属制品、机械和设备修理业(1),待观察
433,冷却塔散热,其他工序,1,1,3.67,1.0,3.67,3.67,4.0,4.0,3.0,2.0,3.0,5.0,5.0,电力、热力生产和供应业(1),待观察
434,药剂配制,其他工序,1,1,3.67,1.75,3.67,2.1,4.0,4.0,3.0,3.0,4.0,3.0,4.0,电力、热力生产和供应业(1),待观察
435,倒闸操作,其他工序,1,1,3.67,2.0,3.67,1.83,3.0,4.0,4.0,3.0,4.0,2.0,4.0,电力、热力生产和供应业(1),待观察
436,炉排焚烧,加工制造,1,1,3.67,1.0,3.67,3.67,4.0,3.0,4.0,2.0,4.0,4.0,5.0,电力、热力生产和供应业(1),待观察
437,管道巡线,其他工序,1,1,3.67,1.0,3.67,3.67,3.0,4.0,4.0,1.0,2.0,5.0,5.0,电力、热力生产和供应业(1),待观察
438,灰库储存,仓储物流,1,1,3.67,1.0,3.67,3.67,4.0,4.0,3.0,2.0,3.0,5.0,5.0,电力、热力生产和供应业(1),待观察
439,电缆巡检,巡检维护,1,1,3.67,0.25,3.67,14.68,3.0,4.0,4.0,1.0,5.0,5.0,5.0,电力、热力生产和供应业(1),待观察
440,阀门调节,其他工序,1,1,3.67,2.0,3.67,1.83,4.0,4.0,3.0,3.0,3.0,3.0,4.0,电力、热力生产和供应业(1),待观察
441,仓储,仓储物流,1,1,3.67,1.75,3.67,2.1,4.0,4.0,3.0,2.0,3.0,4.0,3.0,燃气生产和供应业(1),待观察
442,管网配水,其他工序,1,1,3.67,1.75,3.67,2.1,3.0,4.0,4.0,3.0,4.0,3.0,4.0,水的生产和供应业(1),待观察
443,原料验收,原料处理,1,1,3.33,1.5,3.33,2.22,4.0,3.0,3.0,2.0,3.0,4.0,4.0,烟草制品业(1),待观察
444,印花,加工制造,1,1,3.33,2.5,3.33,1.33,3.0,3.0,4.0,4.0,4.0,2.0,3.0,纺织业(1),待观察
445,穿综穿筘,其他工序,1,1,3.33,2.5,3.33,1.33,3.0,3.0,4.0,5.0,4.0,2.0,4.0,纺织业(1),待观察
446,折叠,其他工序,1,1,3.33,2.0,3.33,1.67,3.0,4.0,3.0,3.0,4.0,4.0,2.0,纺织业(1),待观察
447,脱胶,其他工序,1,1,3.33,1.0,3.33,3.33,4.0,2.0,4.0,2.0,4.0,4.0,5.0,纺织业(1),待观察
448,配对分装,其他工序,1,1,3.33,1.5,3.33,2.22,3.0,4.0,3.0,2.0,4.0,4.0,3.0,纺织服装、服饰业(1),待观察
449,干燥,其他工序,1,1,3.33,1.5,3.33,2.22,3.0,4.0,3.0,3.0,4.0,4.0,4.0,皮革、毛皮、羽毛及其制品和制鞋业(1),待观察
450,裁切下料,其他工序,1,1,3.33,1.75,3.33,1.9,3.0,3.0,4.0,3.0,4.0,3.0,4.0,皮革、毛皮、羽毛及其制品和制鞋业(1),待观察
451,五金安装,其他工序,1,1,3.33,2.0,3.33,1.67,3.0,4.0,3.0,3.0,4.0,3.0,3.0,皮革、毛皮、羽毛及其制品和制鞋业(1),待观察
452,削薄折边,其他工序,1,1,3.33,2.25,3.33,1.48,3.0,4.0,3.0,3.0,4.0,2.0,3.0,皮革、毛皮、羽毛及其制品和制鞋业(1),待观察
453,鞣制处理,其他工序,1,1,3.33,1.25,3.33,2.66,4.0,2.0,4.0,2.0,4.0,3.0,5.0,皮革、毛皮、羽毛及其制品和制鞋业(1),待观察
454,选皮配皮,其他工序,1,1,3.33,1.5,3.33,2.22,4.0,2.0,4.0,3.0,4.0,3.0,5.0,皮革、毛皮、羽毛及其制品和制鞋业(1),待观察
455,定心装夹,其他工序,1,1,3.33,1.75,3.33,1.9,4.0,3.0,3.0,3.0,4.0,3.0,4.0,木材加工和木、竹、藤、棕、草制品业(1),待观察
456,开槽榫接,其他工序,1,1,3.33,2.0,3.33,1.67,4.0,3.0,3.0,2.0,4.0,3.0,2.0,木材加工和木、竹、藤、棕、草制品业(1),待观察
457,蒸煮软化,其他工序,1,1,3.33,1.5,3.33,2.22,4.0,3.0,3.0,3.0,4.0,3.0,5.0,木材加工和木、竹、藤、棕、草制品业(1),待观察
458,按需配送,仓储物流,1,1,3.33,1.75,3.33,1.9,3.0,4.0,3.0,2.0,2.0,4.0,4.0,木材加工和木、竹、藤、棕、草制品业(1),待观察
459,削片加工,加工制造,1,1,3.33,1.75,3.33,1.9,4.0,3.0,3.0,2.0,3.0,4.0,3.0,木材加工和木、竹、藤、棕、草制品业(1),待观察
460,检测打包,检测质控,1,1,3.33,1.5,3.33,2.22,3.0,4.0,3.0,2.0,3.0,4.0,4.0,木材加工和木、竹、藤、棕、草制品业(1),待观察
461,修边去毛刺,其他工序,1,1,3.33,1.75,3.33,1.9,3.0,4.0,3.0,3.0,3.0,4.0,4.0,家具制造业(1),待观察
462,切割下料,其他工序,1,1,3.33,1.5,3.33,2.22,3.0,4.0,3.0,2.0,4.0,4.0,3.0,家具制造业(1),待观察
463,开料裁切,其他工序,1,1,3.33,1.5,3.33,2.22,3.0,4.0,3.0,2.0,4.0,4.0,3.0,家具制造业(1),待观察
464,钻孔榫卯,其他工序,1,1,3.33,1.75,3.33,1.9,3.0,4.0,3.0,2.0,4.0,3.0,3.0,家具制造业(1),待观察
465,洗涤,其他工序,1,1,3.33,1.5,3.33,2.22,3.0,3.0,4.0,3.0,3.0,4.0,5.0,造纸和纸制品业(1),待观察
466,打包捆扎,包装成品,1,1,3.33,1.75,3.33,1.9,3.0,4.0,3.0,3.0,3.0,4.0,4.0,造纸和纸制品业(1),待观察
467,灌装封盖,其他工序,1,1,3.33,2.0,3.33,1.67,3.0,3.0,4.0,3.0,4.0,3.0,3.0,文教、工美、体育和娱乐用品制造业(1),待观察
468,精雕细刻,其他工序,1,1,3.33,2.75,3.33,1.21,5.0,2.0,3.0,5.0,3.0,1.0,5.0,文教、工美、体育和娱乐用品制造业(1),待观察
469,精磨抛光,其他工序,1,1,3.33,2.0,3.33,1.67,4.0,3.0,3.0,4.0,3.0,3.0,5.0,文教、工美、体育和娱乐用品制造业(1),待观察
470,面漆喷涂,其他工序,1,1,3.33,1.75,3.33,1.9,5.0,2.0,3.0,3.0,3.0,3.0,5.0,文教、工美、体育和娱乐用品制造业(1),待观察
471,分拣摆盘,其他工序,1,1,3.33,1.5,3.33,2.22,3.0,4.0,3.0,3.0,4.0,4.0,4.0,文教、工美、体育和娱乐用品制造业(1),待观察
472,充气封口,其他工序,1,1,3.33,1.5,3.33,2.22,2.0,4.0,4.0,2.0,4.0,4.0,3.0,文教、工美、体育和娱乐用品制造业(1),待观察
473,缝合车线,其他工序,1,1,3.33,2.0,3.33,1.67,3.0,4.0,3.0,3.0,4.0,3.0,3.0,文教、工美、体育和娱乐用品制造业(1),待观察
474,喷涂防腐,其他工序,1,1,3.33,2.0,3.33,1.67,5.0,2.0,3.0,3.0,2.0,3.0,5.0,文教、工美、体育和娱乐用品制造业(1),待观察
475,电气接线,其他工序,1,1,3.33,1.5,3.33,2.22,3.0,3.0,4.0,4.0,4.0,4.0,5.0,文教、工美、体育和娱乐用品制造业(1),待观察
476,调漆,其他工序,1,1,3.33,1.75,3.33,1.9,3.0,3.0,4.0,3.0,4.0,3.0,4.0,化学原料和化学制品制造业(1),待观察
477,切制成型,加工制造,1,1,3.33,1.75,3.33,1.9,3.0,3.0,4.0,3.0,4.0,3.0,4.0,医药制造业(1),待观察
478,提取浓缩,其他工序,1,1,3.33,0.5,3.33,6.66,3.0,3.0,4.0,1.0,4.0,5.0,5.0,医药制造业(1),待观察
479,铺装摊平,其他工序,1,1,3.33,2.25,3.33,1.48,4.0,3.0,3.0,3.0,2.0,3.0,4.0,橡胶和塑料制品业(1),待观察
480,收卷,其他工序,1,1,3.33,2.0,3.33,1.67,3.0,4.0,3.0,4.0,4.0,3.0,4.0,橡胶和塑料制品业(1),待观察
481,簇绒,其他工序,1,1,3.33,2.0,3.33,1.67,3.0,3.0,4.0,4.0,4.0,3.0,4.0,橡胶和塑料制品业(1),待观察
482,模具准备,其他工序,1,1,3.33,2.0,3.33,1.67,3.0,4.0,3.0,3.0,3.0,3.0,4.0,非金属矿物制品业(1),待观察
483,拉丝,其他工序,1,1,3.33,1.75,3.33,1.9,3.0,4.0,3.0,4.0,4.0,4.0,4.0,有色金属冶炼和压延加工业(1),待观察
484,机械采盐,其他工序,1,1,3.33,1.75,3.33,1.9,4.0,3.0,3.0,3.0,3.0,4.0,4.0,非金属矿采选业(1),待观察
485,包装标识,包装成品,1,1,3.33,1.75,3.33,1.9,3.0,4.0,3.0,2.0,4.0,3.0,3.0,农副食品加工业(1),待观察
486,装箱码垛,包装成品,1,1,3.33,1.5,3.33,2.22,3.0,4.0,3.0,2.0,4.0,4.0,3.0,农副食品加工业(1),待观察
487,擂溃调味,其他工序,1,1,3.33,0.5,3.33,6.66,3.0,3.0,4.0,1.0,4.0,5.0,5.0,农副食品加工业(1),待观察
488,调温,其他工序,1,1,3.33,2.25,3.33,1.48,3.0,3.0,4.0,4.0,4.0,2.0,4.0,食品制造业(1),待观察
489,切条,其他工序,1,1,3.33,1.75,3.33,1.9,3.0,4.0,3.0,3.0,4.0,4.0,3.0,食品制造业(1),待观察
490,筛分,原料处理,1,1,3.33,1.25,3.33,2.66,4.0,3.0,3.0,2.0,4.0,4.0,4.0,酒、饮料和精制茶制造业(1),待观察
491,零件加工,加工制造,1,1,3.33,1.25,3.33,2.66,2.0,4.0,4.0,3.0,5.0,4.0,4.0,通用设备制造业(1),待观察
492,焊接补修,加工制造,1,1,3.33,2.25,3.33,1.48,4.0,3.0,3.0,4.0,3.0,3.0,4.0,通用设备制造业(1),待观察
493,镜头组装,加工制造,1,1,3.33,2.5,3.33,1.33,3.0,3.0,4.0,5.0,5.0,2.0,3.0,通用设备制造业(1),待观察
494,附件装配,加工制造,1,1,3.33,1.5,3.33,2.22,4.0,3.0,3.0,3.0,4.0,4.0,4.0,通用设备制造业(1),待观察
495,动平衡,其他工序,1,1,3.33,1.75,3.33,1.9,4.0,3.0,3.0,4.0,4.0,4.0,4.0,通用设备制造业(1),待观察
496,调试适配,其他工序,1,1,3.33,1.5,3.33,2.22,3.0,3.0,4.0,3.0,3.0,4.0,5.0,专用设备制造业(1),待观察
497,调试优化,其他工序,1,1,3.33,1.5,3.33,2.22,2.0,3.0,5.0,3.0,3.0,4.0,5.0,专用设备制造业(1),待观察
498,涂胶密封,其他工序,1,1,3.33,1.5,3.33,2.22,3.0,4.0,3.0,3.0,4.0,4.0,4.0,专用设备制造业(1),待观察
499,滤料装填,其他工序,1,1,3.33,1.75,3.33,1.9,4.0,3.0,3.0,3.0,3.0,4.0,4.0,专用设备制造业(1),待观察
500,线缆敷设,其他工序,1,1,3.33,1.75,3.33,1.9,3.0,4.0,3.0,3.0,3.0,4.0,4.0,专用设备制造业(1),待观察
501,电气布线,其他工序,1,1,3.33,2.0,3.33,1.67,3.0,4.0,3.0,4.0,4.0,3.0,4.0,铁路、船舶、航空航天和其他运输设备制造业(1),待观察
502,压力测试,检测质控,1,1,3.33,1.0,3.33,3.33,4.0,2.0,4.0,2.0,4.0,4.0,5.0,铁路、船舶、航空航天和其他运输设备制造业(1),待观察
503,内装,其他工序,1,1,3.33,1.75,3.33,1.9,3.0,4.0,3.0,3.0,4.0,3.0,4.0,铁路、船舶、航空航天和其他运输设备制造业(1),待观察
504,整车组装,加工制造,1,1,3.33,1.75,3.33,1.9,2.0,5.0,3.0,3.0,4.0,4.0,3.0,铁路、船舶、航空航天和其他运输设备制造业(1),待观察
505,端盖装配,加工制造,1,1,3.33,2.5,3.33,1.33,3.0,3.0,4.0,4.0,4.0,2.0,3.0,电气机械和器材制造业(1),待观察
506,收卷成盘,其他工序,1,1,3.33,1.25,3.33,2.66,3.0,4.0,3.0,2.0,4.0,4.0,4.0,电气机械和器材制造业(1),待观察
507,测试标定,检测质控,1,1,3.33,1.0,3.33,3.33,2.0,4.0,4.0,2.0,4.0,5.0,4.0,计算机、通信和其他电子设备制造业(1),待观察
508,表带安装,其他工序,1,1,3.33,2.0,3.33,1.67,3.0,4.0,3.0,4.0,4.0,4.0,3.0,计算机、通信和其他电子设备制造业(1),待观察
509,物料入库,仓储物流,1,1,3.33,1.5,3.33,2.22,4.0,2.0,4.0,2.0,3.0,4.0,4.0,其他制造业(1),待观察
510,机械破碎,原料处理,1,1,3.33,0.5,3.33,6.66,3.0,3.0,4.0,1.0,4.0,5.0,5.0,废弃资源综合利用业(1),待观察
511,质检包装,检测质控,1,1,3.33,0.75,3.33,4.44,2.0,4.0,4.0,2.0,4.0,5.0,5.0,废弃资源综合利用业(1),待观察
512,零件修复,其他工序,1,1,3.33,1.75,3.33,1.9,3.0,4.0,3.0,4.0,4.0,3.0,5.0,金属制品、机械和设备修理业(1),待观察
513,绝缘处理,其他工序,1,1,3.33,1.0,3.33,3.33,4.0,3.0,3.0,2.0,4.0,4.0,5.0,金属制品、机械和设备修理业(1),待观察
514,井口巡检,巡检维护,1,1,3.33,0.75,3.33,4.44,4.0,2.0,4.0,2.0,4.0,5.0,5.0,电力、热力生产和供应业(1),待观察
515,预处理破碎,原料处理,1,1,3.33,1.75,3.33,1.9,4.0,3.0,3.0,3.0,3.0,4.0,4.0,燃气生产和供应业(1),待观察
516,条盒包装,包装成品,1,1,3.0,2.0,3.0,1.5,2.0,4.0,3.0,3.0,4.0,3.0,3.0,烟草制品业(1),待观察
517,整经,其他工序,1,1,3.0,1.75,3.0,1.71,3.0,3.0,3.0,3.0,4.0,3.0,4.0,纺织业(1),待观察
518,绗缝,其他工序,1,1,3.0,1.75,3.0,1.71,3.0,4.0,2.0,3.0,4.0,4.0,3.0,纺织业(1),待观察
519,卷盘,其他工序,1,1,3.0,1.5,3.0,2.0,4.0,3.0,2.0,2.0,3.0,4.0,4.0,纺织业(1),待观察
520,精梳制条,其他工序,1,1,3.0,1.25,3.0,2.4,3.0,3.0,3.0,2.0,4.0,4.0,4.0,纺织业(1),待观察
521,缝制成型,加工制造,1,1,3.0,1.25,3.0,2.4,2.0,4.0,3.0,1.0,3.0,4.0,4.0,皮革、毛皮、羽毛及其制品和制鞋业(1),待观察
522,水洗脱脂,其他工序,1,1,3.0,1.25,3.0,2.4,3.0,3.0,3.0,2.0,4.0,4.0,4.0,皮革、毛皮、羽毛及其制品和制鞋业(1),待观察
523,绷帮贴底,其他工序,1,1,3.0,1.25,3.0,2.4,2.0,4.0,3.0,2.0,4.0,4.0,4.0,皮革、毛皮、羽毛及其制品和制鞋业(1),待观察
524,开榫加工,加工制造,1,1,3.0,2.75,3.0,1.09,3.0,3.0,3.0,4.0,3.0,2.0,3.0,木材加工和木、竹、藤、棕、草制品业(1),待观察
525,剖竹开片,其他工序,1,1,3.0,2.0,3.0,1.5,4.0,3.0,2.0,3.0,3.0,3.0,4.0,木材加工和木、竹、藤、棕、草制品业(1),待观察
526,绷网铺设,其他工序,1,1,3.0,2.0,3.0,1.5,3.0,3.0,3.0,3.0,4.0,3.0,3.0,家具制造业(1),待观察
527,面料包覆,其他工序,1,1,3.0,2.75,3.0,1.09,3.0,3.0,3.0,5.0,3.0,3.0,3.0,家具制造业(1),待观察
528,制版CTP,其他工序,1,1,3.0,1.5,3.0,2.0,3.0,3.0,3.0,2.0,4.0,3.0,4.0,印刷和记录媒介复制业(1),待观察
529,打磨抛光,其他工序,1,1,3.0,2.25,3.0,1.33,4.0,2.0,3.0,4.0,3.0,2.0,5.0,文教、工美、体育和娱乐用品制造业(1),待观察
530,绕弦安装,其他工序,1,1,3.0,1.75,3.0,1.71,3.0,2.0,4.0,4.0,4.0,3.0,5.0,文教、工美、体育和娱乐用品制造业(1),待观察
531,刺绣走针,其他工序,1,1,3.0,2.0,3.0,1.5,4.0,2.0,3.0,5.0,4.0,3.0,5.0,文教、工美、体育和娱乐用品制造业(1),待观察
532,安全测试,检测质控,1,1,3.0,0.5,3.0,6.0,2.0,3.0,4.0,2.0,5.0,5.0,5.0,文教、工美、体育和娱乐用品制造业(1),待观察
533,入池发酵,其他工序,1,1,3.0,1.0,3.0,3.0,2.0,3.0,4.0,2.0,3.0,5.0,5.0,食品制造业(1),待观察
534,勾兑调配,其他工序,1,1,3.0,1.75,3.0,1.71,3.0,2.0,4.0,2.0,4.0,2.0,4.0,酒、饮料和精制茶制造业(1),待观察
535,反光膜贴合,其他工序,1,1,3.0,2.0,3.0,1.5,3.0,3.0,3.0,4.0,4.0,3.0,4.0,金属制品业(1),待观察
536,成品上架,其他工序,1,1,3.0,1.25,3.0,2.4,4.0,3.0,2.0,2.0,4.0,4.0,4.0,金属制品业(1),待观察
537,陆上测试,检测质控,1,1,3.0,1.5,3.0,2.0,3.0,2.0,4.0,3.0,4.0,3.0,5.0,铁路、船舶、航空航天和其他运输设备制造业(1),待观察
538,集热管安装,其他工序,1,1,3.0,2.0,3.0,1.5,3.0,3.0,3.0,3.0,4.0,2.0,4.0,电气机械和器材制造业(1),待观察
539,来料检验,检测质控,1,1,3.0,1.0,3.0,3.0,2.0,4.0,3.0,2.0,4.0,5.0,4.0,计算机、通信和其他电子设备制造业(1),待观察
540,测试分选,检测质控,1,1,3.0,1.25,3.0,2.4,2.0,4.0,3.0,2.0,4.0,4.0,4.0,计算机、通信和其他电子设备制造业(1),待观察
541,暗室测试,检测质控,1,1,3.0,1.25,3.0,2.4,3.0,2.0,4.0,3.0,4.0,4.0,5.0,计算机、通信和其他电子设备制造业(1),待观察
542,线缆整理,其他工序,1,1,3.0,2.0,3.0,1.5,3.0,3.0,3.0,4.0,3.0,4.0,4.0,计算机、通信和其他电子设备制造业(1),待观察
543,伞面装配,加工制造,1,1,3.0,2.5,3.0,1.2,3.0,3.0,3.0,4.0,3.0,3.0,3.0,其他制造业(1),待观察
544,伞骨组装,加工制造,1,1,3.0,2.0,3.0,1.5,3.0,3.0,3.0,3.0,4.0,3.0,3.0,其他制造业(1),待观察
545,植毛装配,加工制造,1,1,3.0,2.0,3.0,1.5,3.0,3.0,3.0,3.0,4.0,3.0,3.0,其他制造业(1),待观察
546,解包散叶,其他工序,1,1,2.67,1.75,2.67,1.53,3.0,3.0,2.0,3.0,3.0,4.0,4.0,烟草制品业(1),待观察
547,拉伸定型,其他工序,1,1,2.67,1.75,2.67,1.53,3.0,2.0,3.0,3.0,4.0,3.0,4.0,皮革、毛皮、羽毛及其制品和制鞋业(1),待观察
548,弯曲成型,加工制造,1,1,2.67,2.5,2.67,1.07,3.0,2.0,3.0,4.0,4.0,3.0,2.0,家具制造业(1),待观察
549,揭纸,其他工序,1,1,2.67,2.5,2.67,1.07,3.0,2.0,3.0,5.0,4.0,1.0,5.0,造纸和纸制品业(1),待观察
550,复制刻录,其他工序,1,1,2.67,0.75,2.67,3.56,2.0,3.0,3.0,2.0,5.0,5.0,4.0,印刷和记录媒介复制业(1),待观察
551,搬运出库,仓储物流,1,1,2.67,1.75,2.67,1.53,4.0,2.0,2.0,2.0,3.0,2.0,5.0,文教、工美、体育和娱乐用品制造业(1),待观察
552,打捆,其他工序,1,1,2.67,1.5,2.67,1.78,2.0,4.0,2.0,3.0,4.0,4.0,4.0,橡胶和塑料制品业(1),待观察
553,数据监测,巡检维护,1,1,2.67,1.0,2.67,2.67,2.0,2.0,4.0,2.0,4.0,4.0,5.0,其他采矿业(1),待观察
554,干燥/晾晒,其他工序,1,1,2.67,1.75,2.67,1.53,4.0,2.0,2.0,2.0,2.0,3.0,5.0,食品制造业(1),待观察
555,原料分选,原料处理,1,1,2.67,1.5,2.67,1.78,3.0,2.0,3.0,2.0,3.0,4.0,4.0,其他制造业(1),待观察
556,整形修剪,其他工序,1,1,2.33,1.75,2.33,1.33,2.0,3.0,2.0,3.0,4.0,3.0,4.0,其他制造业(1),待观察
557,组装调试,加工制造,1,1,2.0,1.5,2.0,1.33,2.0,2.0,2.0,3.0,3.0,4.0,5.0,铁路、船舶、航空航天和其他运输设备制造业(1),待观察
